Columna1;Columna2;Columna3;Columna4;Columna5;;gastos;edad;mes;dias;;España;;España
1;35;1236;12;España;;3700;75;12;20;;Estados Unidos;;FALSO
1;35;297;3;Estados Unidos;;60;10;1;1;;Bélgica;;
1;22;912;12;España;;16;6;3;4;;Alemania;;FALSO
1;74;980;5;Estados Unidos;1;227,5;10,83333333;3,666666667;4,75;;Francia;;
1;37;630;6;Estados Unidos;2;455;21,66666667;7,333333333;9,5;;Gran Bretaña;;FALSO
1;39;1716;12;España;3;682,5;32,5;11;14,25;;Irlanda;;
1;27;292;4;Estados Unidos;4;910;43,33333333;14,66666667;19;;Italia;;FALSO
1;47;1260;10;Estados Unidos;5;1137,5;54,16666667;18,33333333;23,75;;Suecia;;FALSO
1;17;714;14;España;6;1365;65;22;28,5;;Noruega;;
1;47;1304;8;Estados Unidos;7;1592,5;75,83333333;25,66666667;33,25;;Dinamarca;;FALSO
1;17;124;2;Resto del Mundo;8;1820;86,66666667;29,33333333;38;;Holanda;;
1;31;246;3;Estados Unidos;9;2047,5;97,5;33;42,75;;Suiza;;FALSO
1;31;535;5;Estados Unidos;10;2275;108,3333333;36,66666667;47,5;;Austria;;
1;39;2790;18;Estados Unidos;11;2502,5;119,1666667;40,33333333;52,25;;Rusia;;
1;40;670;5;Estados Unidos;12;2730;130;44;57;;Países del Este;;
1;38;1251;9;España;13;2957,5;140,8333333;47,66666667;61,75;;Resto de Europa;;FALSO
1;48;889;7;Estados Unidos;14;3185;151,6666667;51,33333333;66,5;;Colombia;;
1;34;216;2;Estados Unidos;15;3412,5;162,5;55;71,25;;Resto de América;;FALSO
1;31;765;9;España;16;3640;173,3333333;58,66666667;76;;Resto del Mundo;;FALSO
1;20;620;10;Resto del Mundo;;;;;;;;;
2;31;918;9;España;;;;;;;;;
2;21;616;8;Resto del Mundo;;;;;;;;;
2;63;1810;10;Estados Unidos;;;;;;;;;
2;49;1170;6;Estados Unidos;;;;;;;;;
2;26;946;11;España;;;;;;;;;
2;35;1024;8;España;;;;;;;;;
2;51;1029;7;Estados Unidos;;;;;;;;;
2;27;962;13;España;;;;;;;;;
2;48;774;6;Estados Unidos;;;;;;;;;
2;40;1760;11;España;;;;;;;;;
2;33;1210;10;España;;;;;;;;;
2;51;604;4;Estados Unidos;;;;;;;;;
2;26;174;2;Estados Unidos;;;;;;;;;
2;36;1800;15;Estados Unidos;;;;;;;;;
2;68;1880;10;Estados Unidos;;;;;;;;;
2;50;1837;11;Estados Unidos;;;;;;;;;
2;25;490;7;Estados Unidos;;;;;;;;;
2;34;1680;10;España;;;;;;;;;
2;21;388;4;Resto del Mundo;;;;;;;;;
2;18;255;5;Resto del Mundo;;;;;;;;;
3;22;1728;16;Alemania;;;;;;;;;
3;30;606;6;Estados Unidos;;;;;;;;;
3;14;335;5;Resto del Mundo;;;;;;;;;
3;30;1397;11;España;;;;;;;;;
3;22;448;7;Estados Unidos;;;;;;;;;
3;24;840;10;España;;;;;;;;;
3;45;2189;11;Estados Unidos;;;;;;;;;
3;54;2790;18;Estados Unidos;;;;;;;;;
3;46;640;4;Estados Unidos;;;;;;;;;
3;40;1716;13;España;;;;;;;;;
3;34;672;6;Estados Unidos;;;;;;;;;
3;45;2800;14;Estados Unidos;;;;;;;;;
3;27;366;3;Estados Unidos;;;;;;;;;
3;27;896;8;España;;;;;;;;;
3;24;448;4;Estados Unidos;;;;;;;;;
3;20;870;10;España;;;;;;;;;
3;12;504;9;Resto del Mundo;;;;;;;;;
3;42;1592;8;España;;;;;;;;;
3;39;1737;9;España;;;;;;;;;
3;24;1232;16;Alemania;;;;;;;;;
4;18;704;8;España;;;;;;;;;
4;43;326;2;Estados Unidos;;;;;;;;;
4;33;720;8;España;;;;;;;;;
4;41;1820;14;España;;;;;;;;;
4;56;1920;12;Estados Unidos;;;;;;;;;
4;35;624;4;Estados Unidos;;;;;;;;;
4;28;1110;10;España;;;;;;;;;
4;38;684;4;España;;;;;;;;;
4;27;1962;18;Francia;;;;;;;;;
4;23;630;7;Estados Unidos;;;;;;;;;
4;26;1575;15;Francia;;;;;;;;;
4;25;1770;15;Francia;;;;;;;;;
4;29;560;7;Estados Unidos;;;;;;;;;
4;31;1152;8;España;;;;;;;;;
4;33;1120;8;España;;;;;;;;;
4;52;2730;15;Francia;;;;;;;;;
4;20;224;4;Resto del Mundo;;;;;;;;;
4;26;714;7;España;;;;;;;;;
4;27;1017;9;España;;;;;;;;;
4;18;500;10;Resto del Mundo;;;;;;;;;
5;55;1719;9;Estados Unidos;;;;;;;;;
5;41;1820;14;España;;;;;;;;;
5;21;720;12;España;;;;;;;;;
5;24;438;6;Estados Unidos;;;;;;;;;
5;28;74;1;Estados Unidos;;;;;;;;;
5;45;1620;9;Estados Unidos;;;;;;;;;
5;42;2112;12;España;;;;;;;;;
5;37;987;7;España;;;;;;;;;
5;31;2448;17;Francia;;;;;;;;;
5;53;2041;13;Francia;;;;;;;;;
5;56;2220;12;Estados Unidos;;;;;;;;;
5;31;396;4;Estados Unidos;;;;;;;;;
5;61;1044;6;Estados Unidos;;;;;;;;;
5;47;2310;14;Francia;;;;;;;;;
5;53;2132;13;Francia;;;;;;;;;
5;51;790;5;Estados Unidos;;;;;;;;;
5;29;1116;9;España;;;;;;;;;
5;55;1920;10;Estados Unidos;;;;;;;;;
5;23;456;4;Estados Unidos;;;;;;;;;
5;34;1360;10;España;;;;;;;;;
6;15;845;13;España;;;;;;;;;
6;22;244;4;Estados Unidos;;;;;;;;;
6;44;1826;11;Francia;;;;;;;;;
6;42;795;5;España;;;;;;;;;
6;31;392;4;Estados Unidos;;;;;;;;;
6;53;906;6;Estados Unidos;;;;;;;;;
6;46;352;2;Estados Unidos;;;;;;;;;
6;27;480;6;Estados Unidos;;;;;;;;;
6;20;672;8;Resto del Mundo;;;;;;;;;
6;39;110;1;Estados Unidos;;;;;;;;;
6;39;357;3;Estados Unidos;;;;;;;;;
6;18;420;7;Resto del Mundo;;;;;;;;;
6;53;549;3;Estados Unidos;;;;;;;;;
6;38;900;9;España;;;;;;;;;
6;33;650;5;Estados Unidos;;;;;;;;;
6;26;144;2;Estados Unidos;;;;;;;;;
6;14;660;10;Resto del Mundo;;;;;;;;;
6;44;477;3;Estados Unidos;;;;;;;;;
6;12;448;8;Resto del Mundo;;;;;;;;;
6;29;968;11;España;;;;;;;;;
7;42;1760;11;España;;;;;;;;;
7;30;824;8;España;;;;;;;;;
7;47;1190;7;Estados Unidos;;;;;;;;;
7;34;1876;14;España;;;;;;;;;
7;51;1764;9;Estados Unidos;;;;;;;;;
7;25;567;7;Estados Unidos;;;;;;;;;
7;29;1320;15;Francia;;;;;;;;;
7;17;1020;12;España;;;;;;;;;
7;42;2210;17;Francia;;;;;;;;;
7;36;1134;7;España;;;;;;;;;
7;46;1430;10;Francia;;;;;;;;;
7;50;1474;11;Francia;;;;;;;;;
7;22;384;6;Estados Unidos;;;;;;;;;
7;33;254;2;Estados Unidos;;;;;;;;;
7;28;609;7;Estados Unidos;;;;;;;;;
7;34;686;7;España;;;;;;;;;
7;33;888;8;España;;;;;;;;;
7;48;2499;17;Francia;;;;;;;;;
7;23;280;4;Estados Unidos;;;;;;;;;
7;20;676;13;Resto del Mundo;;;;;;;;;
8;31;1470;10;España;;;;;;;;;
8;27;345;3;Estados Unidos;;;;;;;;;
8;47;1296;9;Estados Unidos;;;;;;;;;
8;42;840;5;España;;;;;;;;;
8;26;405;5;Estados Unidos;;;;;;;;;
8;58;1932;12;Estados Unidos;;;;;;;;;
8;65;1860;10;Estados Unidos;;;;;;;;;
8;44;1834;14;Francia;;;;;;;;;
8;16;492;6;Estados Unidos;;;;;;;;;
8;36;1530;9;España;;;;;;;;;
8;34;1944;18;Francia;;;;;;;;;
8;22;420;6;Estados Unidos;;;;;;;;;
8;64;680;4;Estados Unidos;;;;;;;;;
8;55;1225;7;Estados Unidos;;;;;;;;;
8;55;1528;8;Estados Unidos;;;;;;;;;
8;29;1862;19;Estados Unidos;;;;;;;;;
8;13;183;3;Estados Unidos;;;;;;;;;
8;31;264;3;Estados Unidos;;;;;;;;;
8;37;846;6;España;;;;;;;;;
8;25;567;7;Estados Unidos;;;;;;;;;
9;41;1956;12;España;;;;;;;;;
9;37;1308;12;España;;;;;;;;;
9;40;714;6;España;;;;;;;;;
9;29;776;8;España;;;;;;;;;
9;46;2822;17;Francia;;;;;;;;;
9;49;1413;9;Estados Unidos;;;;;;;;;
9;40;791;7;España;;;;;;;;;
9;36;2040;15;Francia;;;;;;;;;
9;24;735;7;España;;;;;;;;;
9;51;1134;7;Estados Unidos;;;;;;;;;
9;17;630;10;Estados Unidos;;;;;;;;;
9;40;1782;9;España;;;;;;;;;
9;35;630;6;Estados Unidos;;;;;;;;;
9;57;304;2;Estados Unidos;;;;;;;;;
9;37;798;6;España;;;;;;;;;
9;23;1495;13;España;;;;;;;;;
9;28;600;8;Estados Unidos;;;;;;;;;
9;21;100;1;Estados Unidos;;;;;;;;;
9;36;2172;12;España;;;;;;;;;
9;37;1575;9;España;;;;;;;;;
10;14;702;13;España;;;;;;;;;
10;34;440;4;Estados Unidos;;;;;;;;;
10;30;1350;9;España;;;;;;;;;
10;43;1701;9;España;;;;;;;;;
10;27;1220;10;España;;;;;;;;;
10;52;1989;13;Francia;;;;;;;;;
10;55;1099;7;Estados Unidos;;;;;;;;;
10;25;350;5;Estados Unidos;;;;;;;;;
10;52;1127;7;Estados Unidos;;;;;;;;;
10;16;756;14;España;;;;;;;;;
10;24;742;7;España;;;;;;;;;
10;29;840;7;España;;;;;;;;;
10;67;1246;7;Estados Unidos;;;;;;;;;
10;61;2106;13;Estados Unidos;;;;;;;;;
10;70;2587;13;Estados Unidos;;;;;;;;;
10;55;2275;13;Estados Unidos;;;;;;;;;
10;38;1040;10;España;;;;;;;;;
10;36;948;6;España;;;;;;;;;
10;36;297;3;Estados Unidos;;;;;;;;;
10;21;214;2;Estados Unidos;;;;;;;;;
11;20;996;12;Estados Unidos;;;;;;;;;
11;65;2580;15;Estados Unidos;;;;;;;;;
11;19;996;12;Estados Unidos;;;;;;;;;
11;28;1616;16;Estados Unidos;;;;;;;;;
11;35;1099;7;Estados Unidos;;;;;;;;;
11;21;525;5;Estados Unidos;;;;;;;;;
11;14;1360;20;Estados Unidos;;;;;;;;;
11;39;745;5;Estados Unidos;;;;;;;;;
11;20;910;13;Estados Unidos;;;;;;;;;
11;46;770;5;Estados Unidos;;;;;;;;;
11;51;750;5;Estados Unidos;;;;;;;;;
11;38;1890;10;Estados Unidos;;;;;;;;;
11;20;651;7;Estados Unidos;;;;;;;;;
11;25;868;7;Estados Unidos;;;;;;;;;
11;13;200;4;Estados Unidos;;;;;;;;;
11;48;579;3;Estados Unidos;;;;;;;;;
11;18;300;5;Estados Unidos;;;;;;;;;
11;44;1848;11;Estados Unidos;;;;;;;;;
11;24;776;8;Estados Unidos;;;;;;;;;
11;29;1320;15;Estados Unidos;;;;;;;;;
12;41;1937;13;Estados Unidos;;;;;;;;;
12;33;1650;15;Estados Unidos;;;;;;;;;
12;47;393;3;Estados Unidos;;;;;;;;;
12;57;1804;11;Estados Unidos;;;;;;;;;
12;27;198;2;Estados Unidos;;;;;;;;;
12;61;1128;6;Estados Unidos;;;;;;;;;
12;45;411;3;Estados Unidos;;;;;;;;;
12;21;360;6;Estados Unidos;;;;;;;;;
12;63;940;5;Estados Unidos;;;;;;;;;
12;44;152;1;Estados Unidos;;;;;;;;;
12;27;1590;15;Estados Unidos;;;;;;;;;
12;49;648;4;Estados Unidos;;;;;;;;;
12;16;426;6;Estados Unidos;;;;;;;;;
12;32;1272;8;Estados Unidos;;;;;;;;;
12;40;2805;15;Estados Unidos;;;;;;;;;
12;45;834;6;Estados Unidos;;;;;;;;;
12;28;1100;10;Estados Unidos;;;;;;;;;
12;52;1140;6;Estados Unidos;;;;;;;;;
12;35;1344;12;Estados Unidos;;;;;;;;;
12;33;2280;20;Estados Unidos;;;;;;;;;
13;26;696;8;Estados Unidos;;;;;;;;;
13;15;285;5;Estados Unidos;;;;;;;;;
13;39;625;5;Estados Unidos;;;;;;;;;
13;52;3006;18;Estados Unidos;;;;;;;;;
13;17;224;4;Estados Unidos;;;;;;;;;
13;34;784;7;Estados Unidos;;;;;;;;;
13;37;490;5;Estados Unidos;;;;;;;;;
13;28;880;8;Estados Unidos;;;;;;;;;
13;40;2184;13;Estados Unidos;;;;;;;;;
13;33;2502;18;Estados Unidos;;;;;;;;;
13;39;3114;18;Estados Unidos;;;;;;;;;
13;16;912;12;Estados Unidos;;;;;;;;;
13;25;1270;10;Estados Unidos;;;;;;;;;
13;57;3366;17;Estados Unidos;;;;;;;;;
13;56;1384;8;Estados Unidos;;;;;;;;;
13;30;946;11;Estados Unidos;;;;;;;;;
13;29;424;4;Estados Unidos;;;;;;;;;
13;20;1140;12;Estados Unidos;;;;;;;;;
13;41;1890;14;Estados Unidos;;;;;;;;;
13;36;375;3;Estados Unidos;;;;;;;;;
1;20;297;3;Resto del Mundo;;;;;;;;;
1;71;3040;16;Estados Unidos;;;;;;;;;
1;47;690;5;Estados Unidos;;;;;;;;;
1;34;2880;18;Estados Unidos;;;;;;;;;
1;40;742;7;España;;;;;;;;;
1;29;522;6;Estados Unidos;;;;;;;;;
1;71;1950;10;Estados Unidos;;;;;;;;;
1;13;310;5;Resto del Mundo;;;;;;;;;
1;52;865;5;Estados Unidos;;;;;;;;;
1;32;920;10;España;;;;;;;;;
1;59;1830;10;Estados Unidos;;;;;;;;;
1;44;1836;12;Estados Unidos;;;;;;;;;
1;52;888;6;Estados Unidos;;;;;;;;;
1;18;1044;12;España;;;;;;;;;
1;20;1566;18;Estados Unidos;;;;;;;;;
1;38;1690;10;España;;;;;;;;;
1;48;965;5;Estados Unidos;;;;;;;;;
1;63;2400;12;Estados Unidos;;;;;;;;;
1;45;2282;14;Estados Unidos;;;;;;;;;
1;39;1053;9;España;;;;;;;;;
2;18;836;11;España;;;;;;;;;
2;26;728;8;España;;;;;;;;;
2;31;1410;15;Estados Unidos;;;;;;;;;
2;24;972;9;España;;;;;;;;;
2;21;330;5;Resto del Mundo;;;;;;;;;
2;42;995;5;España;;;;;;;;;
2;24;1955;17;Estados Unidos;;;;;;;;;
2;60;498;3;Estados Unidos;;;;;;;;;
2;26;900;10;España;;;;;;;;;
2;62;1640;10;Estados Unidos;;;;;;;;;
2;29;264;3;Estados Unidos;;;;;;;;;
2;25;891;9;España;;;;;;;;;
2;45;2528;16;Estados Unidos;;;;;;;;;
2;54;1253;7;Estados Unidos;;;;;;;;;
2;12;448;8;Resto del Mundo;;;;;;;;;
2;20;144;2;Resto del Mundo;;;;;;;;;
2;51;2232;12;Estados Unidos;;;;;;;;;
2;39;1008;9;España;;;;;;;;;
2;38;1020;10;España;;;;;;;;;
2;39;1133;11;España;;;;;;;;;
3;50;931;7;Estados Unidos;;;;;;;;;
3;50;1557;9;Estados Unidos;;;;;;;;;
3;33;2041;13;España;;;;;;;;;
3;20;901;17;Resto del Mundo;;;;;;;;;
3;36;1638;9;España;;;;;;;;;
3;33;736;8;España;;;;;;;;;
3;37;2310;14;España;;;;;;;;;
3;33;870;6;España;;;;;;;;;
3;29;348;4;Estados Unidos;;;;;;;;;
3;49;2244;12;Estados Unidos;;;;;;;;;
3;20;900;12;España;;;;;;;;;
3;43;1260;10;España;;;;;;;;;
3;46;1320;10;Alemania;;;;;;;;;
3;23;702;6;España;;;;;;;;;
3;57;995;5;Estados Unidos;;;;;;;;;
3;36;600;6;Estados Unidos;;;;;;;;;
3;68;724;4;Estados Unidos;;;;;;;;;
3;26;1200;10;España;;;;;;;;;
3;56;2052;12;Estados Unidos;;;;;;;;;
3;27;910;10;España;;;;;;;;;
4;17;1232;16;Estados Unidos;;;;;;;;;
4;45;1781;13;Francia;;;;;;;;;
4;22;355;5;Estados Unidos;;;;;;;;;
4;11;224;4;Resto del Mundo;;;;;;;;;
4;38;576;4;Estados Unidos;;;;;;;;;
4;21;609;7;Resto del Mundo;;;;;;;;;
4;58;1610;10;Estados Unidos;;;;;;;;;
4;15;924;14;España;;;;;;;;;
4;22;272;4;Estados Unidos;;;;;;;;;
4;43;2052;12;España;;;;;;;;;
4;55;1760;10;Estados Unidos;;;;;;;;;
4;56;1431;9;Estados Unidos;;;;;;;;;
4;67;796;4;Estados Unidos;;;;;;;;;
4;33;210;2;Estados Unidos;;;;;;;;;
4;17;660;11;Resto del Mundo;;;;;;;;;
4;42;834;6;España;;;;;;;;;
4;14;513;9;Resto del Mundo;;;;;;;;;
4;68;1746;9;Estados Unidos;;;;;;;;;
4;55;1458;9;Estados Unidos;;;;;;;;;
4;53;2054;13;Francia;;;;;;;;;
5;48;1792;14;Francia;;;;;;;;;
5;47;1755;13;Francia;;;;;;;;;
5;19;1275;17;Estados Unidos;;;;;;;;;
5;49;938;7;Estados Unidos;;;;;;;;;
5;66;2730;14;Estados Unidos;;;;;;;;;
5;25;1040;10;España;;;;;;;;;
5;14;400;8;Resto del Mundo;;;;;;;;;
5;43;966;7;España;;;;;;;;;
5;25;858;11;España;;;;;;;;;
5;29;2176;16;Francia;;;;;;;;;
5;17;159;3;Resto del Mundo;;;;;;;;;
5;49;1650;11;Francia;;;;;;;;;
5;50;945;5;Estados Unidos;;;;;;;;;
5;19;504;9;Resto del Mundo;;;;;;;;;
5;21;300;4;Resto del Mundo;;;;;;;;;
5;32;560;4;Estados Unidos;;;;;;;;;
5;40;2068;11;España;;;;;;;;;
5;36;1253;7;España;;;;;;;;;
5;27;1274;13;España;;;;;;;;;
5;44;1143;9;Estados Unidos;;;;;;;;;
6;37;891;9;España;;;;;;;;;
6;26;732;6;España;;;;;;;;;
6;25;1776;16;Francia;;;;;;;;;
6;47;1032;6;Estados Unidos;;;;;;;;;
6;18;432;6;Resto del Mundo;;;;;;;;;
6;45;2788;17;Francia;;;;;;;;;
6;38;320;2;Estados Unidos;;;;;;;;;
6;33;1125;9;España;;;;;;;;;
6;27;931;7;España;;;;;;;;;
6;28;560;5;Estados Unidos;;;;;;;;;
6;20;924;12;España;;;;;;;;;
6;21;1458;18;Estados Unidos;;;;;;;;;
6;57;1738;11;Estados Unidos;;;;;;;;;
6;19;122;2;Resto del Mundo;;;;;;;;;
6;14;480;8;Resto del Mundo;;;;;;;;;
6;14;570;10;Resto del Mundo;;;;;;;;;
6;28;2484;18;Francia;;;;;;;;;
6;70;1536;8;Estados Unidos;;;;;;;;;
6;15;408;8;Resto del Mundo;;;;;;;;;
6;70;2189;11;Estados Unidos;;;;;;;;;
7;51;1215;9;Estados Unidos;;;;;;;;;
7;13;915;15;Resto del Mundo;;;;;;;;;
7;47;1360;8;Estados Unidos;;;;;;;;;
7;16;770;14;España;;;;;;;;;
7;29;630;6;Estados Unidos;;;;;;;;;
7;33;868;7;España;;;;;;;;;
7;50;924;7;Estados Unidos;;;;;;;;;
7;57;1584;8;Estados Unidos;;;;;;;;;
7;21;525;5;Resto del Mundo;;;;;;;;;
7;39;1430;13;España;;;;;;;;;
7;39;234;2;Estados Unidos;;;;;;;;;
7;34;450;5;Estados Unidos;;;;;;;;;
7;62;2464;14;Estados Unidos;;;;;;;;;
7;31;528;6;Estados Unidos;;;;;;;;;
7;34;2366;14;España;;;;;;;;;
7;25;1104;12;España;;;;;;;;;
7;23;650;10;Alemania;;;;;;;;;
7;26;968;11;España;;;;;;;;;
7;32;472;4;Estados Unidos;;;;;;;;;
7;33;837;9;España;;;;;;;;;
8;36;666;6;Estados Unidos;;;;;;;;;
8;27;376;4;Estados Unidos;;;;;;;;;
8;69;1372;7;Estados Unidos;;;;;;;;;
8;25;1358;14;España;;;;;;;;;
8;38;912;8;España;;;;;;;;;
8;23;532;7;Estados Unidos;;;;;;;;;
8;17;228;4;Estados Unidos;;;;;;;;;
8;42;1521;9;España;;;;;;;;;
8;40;1780;10;España;;;;;;;;;
8;57;2114;14;Estados Unidos;;;;;;;;;
8;36;855;9;España;;;;;;;;;
8;38;1584;11;España;;;;;;;;;
8;38;158;1;Estados Unidos;;;;;;;;;
8;45;1432;8;Estados Unidos;;;;;;;;;
8;32;745;5;España;;;;;;;;;
8;28;291;3;Estados Unidos;;;;;;;;;
8;47;2790;15;Francia;;;;;;;;;
8;14;236;4;Estados Unidos;;;;;;;;;
8;45;1727;11;Francia;;;;;;;;;
8;50;1590;10;Francia;;;;;;;;;
9;37;1332;12;España;;;;;;;;;
9;32;1170;10;España;;;;;;;;;
9;16;102;2;Estados Unidos;;;;;;;;;
9;19;414;6;Estados Unidos;;;;;;;;;
9;45;1794;13;Francia;;;;;;;;;
9;48;1573;11;Francia;;;;;;;;;
9;39;550;5;Estados Unidos;;;;;;;;;
9;24;1196;13;España;;;;;;;;;
9;38;1125;9;España;;;;;;;;;
9;42;1860;10;España;;;;;;;;;
9;41;1143;9;España;;;;;;;;;
9;36;750;6;España;;;;;;;;;
9;22;736;8;España;;;;;;;;;
9;36;1305;9;España;;;;;;;;;
9;25;564;6;Estados Unidos;;;;;;;;;
9;35;875;5;España;;;;;;;;;
9;51;1368;9;Estados Unidos;;;;;;;;;
9;42;1770;10;España;;;;;;;;;
9;31;1485;15;Francia;;;;;;;;;
9;48;2200;11;Francia;;;;;;;;;
10;20;400;5;Estados Unidos;;;;;;;;;
10;28;1411;17;Francia;;;;;;;;;
10;27;952;8;España;;;;;;;;;
10;24;780;12;España;;;;;;;;;
10;40;2464;16;Francia;;;;;;;;;
10;19;464;8;Estados Unidos;;;;;;;;;
10;54;3168;16;Francia;;;;;;;;;
10;64;1840;10;Estados Unidos;;;;;;;;;
10;58;308;2;Estados Unidos;;;;;;;;;
10;53;1269;9;Estados Unidos;;;;;;;;;
10;20;504;9;Estados Unidos;;;;;;;;;
10;60;1850;10;Estados Unidos;;;;;;;;;
10;50;1456;8;Estados Unidos;;;;;;;;;
10;41;1100;10;España;;;;;;;;;
10;24;360;4;Estados Unidos;;;;;;;;;
10;21;649;11;Estados Unidos;;;;;;;;;
10;18;232;4;Estados Unidos;;;;;;;;;
10;19;285;5;Estados Unidos;;;;;;;;;
10;35;1184;8;España;;;;;;;;;
10;17;924;14;España;;;;;;;;;
11;35;1705;11;Estados Unidos;;;;;;;;;
11;53;1026;6;Estados Unidos;;;;;;;;;
11;23;585;9;Estados Unidos;;;;;;;;;
11;22;1400;20;Estados Unidos;;;;;;;;;
11;32;666;6;Estados Unidos;;;;;;;;;
11;40;1764;12;Estados Unidos;;;;;;;;;
11;17;1116;18;Estados Unidos;;;;;;;;;
11;29;1394;17;Estados Unidos;;;;;;;;;
11;52;660;4;Estados Unidos;;;;;;;;;
11;33;999;9;Estados Unidos;;;;;;;;;
11;19;632;8;Estados Unidos;;;;;;;;;
11;25;565;5;Estados Unidos;;;;;;;;;
11;74;2561;13;Estados Unidos;;;;;;;;;
11;30;588;7;Estados Unidos;;;;;;;;;
11;23;791;7;Estados Unidos;;;;;;;;;
11;53;875;5;Estados Unidos;;;;;;;;;
11;22;490;5;Estados Unidos;;;;;;;;;
11;12;500;10;Estados Unidos;;;;;;;;;
11;33;1308;12;Estados Unidos;;;;;;;;;
11;24;1168;16;Estados Unidos;;;;;;;;;
12;37;1474;11;Estados Unidos;;;;;;;;;
12;19;236;4;Estados Unidos;;;;;;;;;
12;59;1014;6;Estados Unidos;;;;;;;;;
12;46;768;4;Estados Unidos;;;;;;;;;
12;37;2232;12;Estados Unidos;;;;;;;;;
12;50;2384;16;Estados Unidos;;;;;;;;;
12;28;792;6;Estados Unidos;;;;;;;;;
12;46;1690;13;Estados Unidos;;;;;;;;;
12;33;990;10;Estados Unidos;;;;;;;;;
12;34;1356;12;Estados Unidos;;;;;;;;;
12;48;2610;15;Estados Unidos;;;;;;;;;
12;35;1925;11;Estados Unidos;;;;;;;;;
12;32;127;1;Estados Unidos;;;;;;;;;
12;14;204;3;Estados Unidos;;;;;;;;;
12;31;1450;10;Estados Unidos;;;;;;;;;
12;30;1924;13;Estados Unidos;;;;;;;;;
12;47;2940;15;Estados Unidos;;;;;;;;;
12;57;2366;14;Estados Unidos;;;;;;;;;
12;26;770;10;Estados Unidos;;;;;;;;;
12;27;86;1;Estados Unidos;;;;;;;;;
13;21;632;8;Estados Unidos;;;;;;;;;
13;41;1320;12;Estados Unidos;;;;;;;;;
13;25;1200;15;Estados Unidos;;;;;;;;;
13;70;2232;12;Estados Unidos;;;;;;;;;
13;53;1026;6;Estados Unidos;;;;;;;;;
13;43;1351;7;Estados Unidos;;;;;;;;;
13;25;1568;14;Estados Unidos;;;;;;;;;
13;30;1800;12;Estados Unidos;;;;;;;;;
13;25;1358;14;Estados Unidos;;;;;;;;;
13;32;783;9;Estados Unidos;;;;;;;;;
13;62;704;4;Estados Unidos;;;;;;;;;
13;18;1134;14;Estados Unidos;;;;;;;;;
13;29;415;5;Estados Unidos;;;;;;;;;
13;30;380;4;Estados Unidos;;;;;;;;;
13;32;880;10;Estados Unidos;;;;;;;;;
13;18;720;8;Estados Unidos;;;;;;;;;
13;39;142;1;Estados Unidos;;;;;;;;;
13;63;1400;7;Estados Unidos;;;;;;;;;
13;50;2304;12;Estados Unidos;;;;;;;;;
13;22;1032;12;Estados Unidos;;;;;;;;;
1;75;995;5;Estados Unidos;;;;;;;;;
1;26;436;4;Estados Unidos;;;;;;;;;
1;22;976;16;Estados Unidos;;;;;;;;;
1;16;930;15;Resto del Mundo;;;;;;;;;
1;71;1576;8;Estados Unidos;;;;;;;;;
1;39;1133;11;España;;;;;;;;;
1;52;2170;14;Estados Unidos;;;;;;;;;
1;32;1562;11;España;;;;;;;;;
1;26;1032;8;España;;;;;;;;;
1;41;1710;15;Estados Unidos;;;;;;;;;
1;40;1482;13;España;;;;;;;;;
1;38;1062;9;España;;;;;;;;;
1;52;3008;16;Estados Unidos;;;;;;;;;
1;23;483;7;Estados Unidos;;;;;;;;;
1;31;980;10;España;;;;;;;;;
1;41;596;4;Estados Unidos;;;;;;;;;
1;45;595;5;Estados Unidos;;;;;;;;;
1;55;2975;17;Estados Unidos;;;;;;;;;
1;17;648;8;Resto del Mundo;;;;;;;;;
1;57;2114;14;Estados Unidos;;;;;;;;;
2;47;1860;12;Estados Unidos;;;;;;;;;
2;24;999;9;España;;;;;;;;;
2;39;2512;16;Estados Unidos;;;;;;;;;
2;54;1932;12;Estados Unidos;;;;;;;;;
2;50;1590;10;Estados Unidos;;;;;;;;;
2;49;2119;13;Estados Unidos;;;;;;;;;
2;56;1960;10;Estados Unidos;;;;;;;;;
2;31;520;4;Estados Unidos;;;;;;;;;
2;31;1078;7;España;;;;;;;;;
2;32;2295;17;Estados Unidos;;;;;;;;;
2;20;800;8;España;;;;;;;;;
2;54;2436;14;Estados Unidos;;;;;;;;;
2;55;1472;8;Estados Unidos;;;;;;;;;
2;19;400;5;Resto del Mundo;;;;;;;;;
2;42;726;6;España;;;;;;;;;
2;20;549;9;Resto del Mundo;;;;;;;;;
2;40;1064;7;España;;;;;;;;;
2;17;477;9;Resto del Mundo;;;;;;;;;
2;57;1914;11;Estados Unidos;;;;;;;;;
2;18;962;13;España;;;;;;;;;
3;48;2840;20;Estados Unidos;;;;;;;;;
3;36;297;3;Estados Unidos;;;;;;;;;
3;21;581;7;Resto del Mundo;;;;;;;;;
3;22;462;6;Estados Unidos;;;;;;;;;
3;19;581;7;Resto del Mundo;;;;;;;;;
3;59;1950;10;Estados Unidos;;;;;;;;;
3;42;1386;7;España;;;;;;;;;
3;19;702;13;España;;;;;;;;;
3;63;2249;13;Estados Unidos;;;;;;;;;
3;32;1782;11;España;;;;;;;;;
3;41;1080;9;España;;;;;;;;;
3;30;532;4;Estados Unidos;;;;;;;;;
3;45;2632;14;Estados Unidos;;;;;;;;;
3;21;384;6;Resto del Mundo;;;;;;;;;
3;39;476;4;Estados Unidos;;;;;;;;;
3;18;395;5;Resto del Mundo;;;;;;;;;
3;26;819;9;España;;;;;;;;;
3;24;1080;9;España;;;;;;;;;
3;45;3060;17;Estados Unidos;;;;;;;;;
3;23;1139;17;Alemania;;;;;;;;;
4;53;1824;12;Francia;;;;;;;;;
4;37;707;7;España;;;;;;;;;
4;34;912;6;España;;;;;;;;;
4;49;1674;9;Estados Unidos;;;;;;;;;
4;59;1264;8;Estados Unidos;;;;;;;;;
4;36;1781;13;España;;;;;;;;;
4;38;210;2;Estados Unidos;;;;;;;;;
4;72;1930;10;Estados Unidos;;;;;;;;;
4;31;1170;9;España;;;;;;;;;
4;20;510;6;Resto del Mundo;;;;;;;;;
4;37;1232;8;España;;;;;;;;;
4;49;1008;7;Estados Unidos;;;;;;;;;
4;56;830;5;Estados Unidos;;;;;;;;;
4;37;1010;10;España;;;;;;;;;
4;38;250;2;Estados Unidos;;;;;;;;;
4;32;1152;8;España;;;;;;;;;
4;28;1540;14;España;;;;;;;;;
4;15;504;9;Resto del Mundo;;;;;;;;;
4;46;1365;7;Estados Unidos;;;;;;;;;
4;37;2210;17;Francia;;;;;;;;;
5;24;1260;12;España;;;;;;;;;
5;45;1190;10;Francia;;;;;;;;;
5;20;770;14;España;;;;;;;;;
5;73;2328;12;Estados Unidos;;;;;;;;;
5;50;306;2;Estados Unidos;;;;;;;;;
5;31;1250;10;España;;;;;;;;;
5;53;2054;13;Francia;;;;;;;;;
5;26;680;10;Alemania;;;;;;;;;
5;33;595;5;Estados Unidos;;;;;;;;;
5;23;1173;17;Francia;;;;;;;;;
5;24;320;5;Estados Unidos;;;;;;;;;
5;46;840;6;Estados Unidos;;;;;;;;;
5;30;973;7;España;;;;;;;;;
5;24;284;4;Estados Unidos;;;;;;;;;
5;52;756;4;Estados Unidos;;;;;;;;;
5;28;1060;10;España;;;;;;;;;
5;20;558;6;Resto del Mundo;;;;;;;;;
5;26;368;4;Estados Unidos;;;;;;;;;
5;51;2394;14;Francia;;;;;;;;;
5;15;402;6;Resto del Mundo;;;;;;;;;
6;22;1261;13;España;;;;;;;;;
6;15;186;3;Resto del Mundo;;;;;;;;;
6;38;968;8;España;;;;;;;;;
6;34;1190;7;España;;;;;;;;;
6;27;675;5;Estados Unidos;;;;;;;;;
6;18;781;11;España;;;;;;;;;
6;27;765;9;España;;;;;;;;;
6;50;612;4;Estados Unidos;;;;;;;;;
6;25;388;4;Estados Unidos;;;;;;;;;
6;39;1712;16;Francia;;;;;;;;;
6;24;258;3;Estados Unidos;;;;;;;;;
6;56;2422;14;Estados Unidos;;;;;;;;;
6;59;2758;14;Estados Unidos;;;;;;;;;
6;60;3186;18;Estados Unidos;;;;;;;;;
6;28;1012;11;España;;;;;;;;;
6;43;492;3;Estados Unidos;;;;;;;;;
6;56;1850;10;Estados Unidos;;;;;;;;;
6;61;752;4;Estados Unidos;;;;;;;;;
6;16;228;3;Resto del Mundo;;;;;;;;;
6;24;770;10;España;;;;;;;;;
7;34;384;4;Estados Unidos;;;;;;;;;
7;63;1050;6;Estados Unidos;;;;;;;;;
7;57;2184;14;Estados Unidos;;;;;;;;;
7;19;756;9;España;;;;;;;;;
7;59;1176;6;Estados Unidos;;;;;;;;;
7;38;1431;9;España;;;;;;;;;
7;15;335;5;Resto del Mundo;;;;;;;;;
7;62;1584;8;Estados Unidos;;;;;;;;;
7;38;750;5;España;;;;;;;;;
7;45;1422;9;Estados Unidos;;;;;;;;;
7;35;1199;11;España;;;;;;;;;
7;17;869;11;España;;;;;;;;;
7;32;1133;11;España;;;;;;;;;
7;24;660;10;Alemania;;;;;;;;;
7;62;1770;10;Estados Unidos;;;;;;;;;
7;44;1846;13;Francia;;;;;;;;;
7;51;528;3;Estados Unidos;;;;;;;;;
7;37;1240;10;España;;;;;;;;;
7;35;292;2;Estados Unidos;;;;;;;;;
7;51;2567;17;Francia;;;;;;;;;
8;56;1176;6;Estados Unidos;;;;;;;;;
8;50;973;7;Estados Unidos;;;;;;;;;
8;65;1211;7;Estados Unidos;;;;;;;;;
8;50;830;5;Estados Unidos;;;;;;;;;
8;30;870;10;España;;;;;;;;;
8;30;840;8;España;;;;;;;;;
8;43;1612;13;España;;;;;;;;;
8;33;875;7;España;;;;;;;;;
8;30;1274;14;España;;;;;;;;;
8;16;612;12;Estados Unidos;;;;;;;;;
8;19;1241;17;Estados Unidos;;;;;;;;;
8;55;1140;6;Estados Unidos;;;;;;;;;
8;29;392;4;Estados Unidos;;;;;;;;;
8;31;2112;16;Francia;;;;;;;;;
8;38;192;1;Estados Unidos;;;;;;;;;
8;37;819;7;España;;;;;;;;;
8;50;1344;8;Estados Unidos;;;;;;;;;
8;25;644;7;Estados Unidos;;;;;;;;;
8;32;1183;13;España;;;;;;;;;
8;19;1064;14;España;;;;;;;;;
9;16;250;5;Estados Unidos;;;;;;;;;
9;26;1760;16;Francia;;;;;;;;;
9;48;1420;10;Francia;;;;;;;;;
9;53;573;3;Estados Unidos;;;;;;;;;
9;43;2235;15;Francia;;;;;;;;;
9;20;760;10;España;;;;;;;;;
9;13;371;7;Estados Unidos;;;;;;;;;
9;23;936;12;España;;;;;;;;;
9;39;770;7;España;;;;;;;;;
9;42;1408;11;España;;;;;;;;;
9;41;1448;8;España;;;;;;;;;
9;48;1368;9;Estados Unidos;;;;;;;;;
9;37;1674;9;España;;;;;;;;;
9;20;672;12;Estados Unidos;;;;;;;;;
9;60;1272;8;Estados Unidos;;;;;;;;;
9;34;149;1;Estados Unidos;;;;;;;;;
9;22;1050;10;España;;;;;;;;;
9;57;1086;6;Estados Unidos;;;;;;;;;
9;22;384;6;Estados Unidos;;;;;;;;;
9;18;532;7;Estados Unidos;;;;;;;;;
10;33;1089;11;España;;;;;;;;;
10;14;504;7;Estados Unidos;;;;;;;;;
10;21;702;9;España;;;;;;;;;
10;22;858;11;España;;;;;;;;;
10;45;2353;13;Francia;;;;;;;;;
10;57;456;3;Estados Unidos;;;;;;;;;
10;35;618;6;Estados Unidos;;;;;;;;;
10;67;2772;14;Estados Unidos;;;;;;;;;
10;65;1940;10;Estados Unidos;;;;;;;;;
10;59;1098;6;Estados Unidos;;;;;;;;;
10;27;924;12;España;;;;;;;;;
10;41;1544;8;España;;;;;;;;;
10;34;894;6;España;;;;;;;;;
10;18;162;2;Estados Unidos;;;;;;;;;
10;18;720;8;España;;;;;;;;;
10;40;230;2;Estados Unidos;;;;;;;;;
10;31;1056;11;España;;;;;;;;;
10;10;306;6;Resto de Europa;;;;;;;;;
10;26;828;12;España;;;;;;;;;
10;54;2340;12;Francia;;;;;;;;;
11;32;568;4;Estados Unidos;;;;;;;;;
11;44;3154;19;Estados Unidos;;;;;;;;;
11;33;2002;13;Estados Unidos;;;;;;;;;
11;32;1224;12;Estados Unidos;;;;;;;;;
11;44;2032;16;Estados Unidos;;;;;;;;;
11;62;880;5;Estados Unidos;;;;;;;;;
11;31;1233;9;Estados Unidos;;;;;;;;;
11;40;1482;13;Estados Unidos;;;;;;;;;
11;22;902;11;Estados Unidos;;;;;;;;;
11;46;1716;12;Estados Unidos;;;;;;;;;
11;58;1239;7;Estados Unidos;;;;;;;;;
11;33;1313;13;Estados Unidos;;;;;;;;;
11;27;1625;13;Estados Unidos;;;;;;;;;
11;20;476;7;Estados Unidos;;;;;;;;;
11;57;2013;11;Estados Unidos;;;;;;;;;
11;29;640;5;Estados Unidos;;;;;;;;;
11;14;540;9;Estados Unidos;;;;;;;;;
11;43;798;6;Estados Unidos;;;;;;;;;
11;30;453;3;Estados Unidos;;;;;;;;;
11;45;1106;7;Estados Unidos;;;;;;;;;
12;38;870;6;Estados Unidos;;;;;;;;;
12;37;616;4;Estados Unidos;;;;;;;;;
12;58;775;5;Estados Unidos;;;;;;;;;
12;72;1351;7;Estados Unidos;;;;;;;;;
12;24;1792;16;Estados Unidos;;;;;;;;;
12;40;999;9;Estados Unidos;;;;;;;;;
12;31;610;5;Estados Unidos;;;;;;;;;
12;22;920;10;Estados Unidos;;;;;;;;;
12;67;2418;13;Estados Unidos;;;;;;;;;
12;17;183;3;Estados Unidos;;;;;;;;;
12;38;1015;7;Estados Unidos;;;;;;;;;
12;18;616;8;Estados Unidos;;;;;;;;;
12;22;612;6;Estados Unidos;;;;;;;;;
12;34;873;9;Estados Unidos;;;;;;;;;
12;45;1488;12;Estados Unidos;;;;;;;;;
12;58;1610;10;Estados Unidos;;;;;;;;;
12;34;1000;8;Estados Unidos;;;;;;;;;
12;35;960;10;Estados Unidos;;;;;;;;;
12;32;918;9;Estados Unidos;;;;;;;;;
12;58;2394;14;Estados Unidos;;;;;;;;;
13;24;952;8;Estados Unidos;;;;;;;;;
13;34;1812;12;Estados Unidos;;;;;;;;;
13;50;1224;8;Estados Unidos;;;;;;;;;
13;66;1576;8;Estados Unidos;;;;;;;;;
13;12;825;15;Estados Unidos;;;;;;;;;
13;42;1269;9;Estados Unidos;;;;;;;;;
13;41;894;6;Estados Unidos;;;;;;;;;
13;29;1507;11;Estados Unidos;;;;;;;;;
13;48;1991;11;Estados Unidos;;;;;;;;;
13;27;824;8;Estados Unidos;;;;;;;;;
13;24;600;6;Estados Unidos;;;;;;;;;
13;53;504;3;Estados Unidos;;;;;;;;;
13;29;1000;10;Estados Unidos;;;;;;;;;
13;27;935;11;Estados Unidos;;;;;;;;;
13;44;1392;8;Estados Unidos;;;;;;;;;
13;57;570;3;Estados Unidos;;;;;;;;;
13;33;749;7;Estados Unidos;;;;;;;;;
13;11;275;5;Estados Unidos;;;;;;;;;
13;33;435;5;Estados Unidos;;;;;;;;;
13;59;1099;7;Estados Unidos;;;;;;;;;
1;55;492;3;Estados Unidos;;;;;;;;;
1;20;564;6;Resto del Mundo;;;;;;;;;
1;14;810;15;Resto del Mundo;;;;;;;;;
1;16;222;3;Resto del Mundo;;;;;;;;;
1;53;2134;11;Estados Unidos;;;;;;;;;
1;15;232;4;Resto del Mundo;;;;;;;;;
1;68;2256;12;Estados Unidos;;;;;;;;;
1;35;2340;15;Estados Unidos;;;;;;;;;
1;45;1980;11;Estados Unidos;;;;;;;;;
1;49;1940;10;Estados Unidos;;;;;;;;;
1;65;1780;10;Estados Unidos;;;;;;;;;
1;18;459;9;Resto del Mundo;;;;;;;;;
1;41;1719;9;España;;;;;;;;;
1;25;594;6;Estados Unidos;;;;;;;;;
1;23;913;11;España;;;;;;;;;
1;29;1212;12;España;;;;;;;;;
1;24;210;2;Estados Unidos;;;;;;;;;
1;18;1092;12;España;;;;;;;;;
1;36;726;6;España;;;;;;;;;
1;31;576;6;Estados Unidos;;;;;;;;;
2;55;2548;14;Estados Unidos;;;;;;;;;
2;45;489;3;Estados Unidos;;;;;;;;;
2;26;852;12;España;;;;;;;;;
2;18;228;4;Resto del Mundo;;;;;;;;;
2;19;450;9;Resto del Mundo;;;;;;;;;
2;48;805;5;Estados Unidos;;;;;;;;;
2;33;798;7;España;;;;;;;;;
2;31;274;2;Estados Unidos;;;;;;;;;
2;19;354;6;Resto del Mundo;;;;;;;;;
2;32;856;8;España;;;;;;;;;
2;18;171;3;Resto del Mundo;;;;;;;;;
2;39;1001;7;España;;;;;;;;;
2;20;272;4;Resto del Mundo;;;;;;;;;
2;51;876;6;Estados Unidos;;;;;;;;;
2;23;1545;15;Estados Unidos;;;;;;;;;
2;47;632;4;Estados Unidos;;;;;;;;;
2;49;2028;13;Estados Unidos;;;;;;;;;
2;17;295;5;Resto del Mundo;;;;;;;;;
2;26;968;11;España;;;;;;;;;
2;13;560;10;Resto del Mundo;;;;;;;;;
3;23;672;7;Estados Unidos;;;;;;;;;
3;32;2067;13;España;;;;;;;;;
3;48;704;4;Estados Unidos;;;;;;;;;
3;23;819;9;España;;;;;;;;;
3;45;536;4;Estados Unidos;;;;;;;;;
3;58;2790;18;Estados Unidos;;;;;;;;;
3;16;825;15;Resto del Mundo;;;;;;;;;
3;46;390;3;Estados Unidos;;;;;;;;;
3;58;3382;19;Estados Unidos;;;;;;;;;
3;57;1359;9;Estados Unidos;;;;;;;;;
3;22;946;11;España;;;;;;;;;
3;60;1110;6;Estados Unidos;;;;;;;;;
3;35;1302;14;España;;;;;;;;;
3;20;666;9;Resto del Mundo;;;;;;;;;
3;48;380;2;Estados Unidos;;;;;;;;;
3;52;1740;10;Alemania;;;;;;;;;
3;22;780;13;España;;;;;;;;;
3;41;1744;16;Alemania;;;;;;;;;
3;30;312;3;Estados Unidos;;;;;;;;;
3;29;516;4;Estados Unidos;;;;;;;;;
4;45;1892;11;Francia;;;;;;;;;
4;63;2145;11;Estados Unidos;;;;;;;;;
4;68;3000;15;Estados Unidos;;;;;;;;;
4;35;763;7;España;;;;;;;;;
4;17;531;9;Resto del Mundo;;;;;;;;;
4;33;2015;13;España;;;;;;;;;
4;21;1070;10;España;;;;;;;;;
4;26;1196;13;España;;;;;;;;;
4;46;2067;13;Francia;;;;;;;;;
4;45;1600;8;Estados Unidos;;;;;;;;;
4;44;780;6;Estados Unidos;;;;;;;;;
4;16;627;11;Resto del Mundo;;;;;;;;;
4;38;1144;8;España;;;;;;;;;
4;34;1350;9;España;;;;;;;;;
4;42;890;5;España;;;;;;;;;
4;14;748;11;España;;;;;;;;;
4;62;1140;6;Estados Unidos;;;;;;;;;
4;56;2067;13;Estados Unidos;;;;;;;;;
4;19;480;5;Resto del Mundo;;;;;;;;;
4;42;1764;12;España;;;;;;;;;
5;15;413;7;Resto del Mundo;;;;;;;;;
5;26;900;9;España;;;;;;;;;
5;23;1155;15;Francia;;;;;;;;;
5;53;555;3;Estados Unidos;;;;;;;;;
5;30;126;1;Estados Unidos;;;;;;;;;
5;64;1890;10;Estados Unidos;;;;;;;;;
5;57;1092;7;Estados Unidos;;;;;;;;;
5;12;385;7;Resto del Mundo;;;;;;;;;
5;28;540;6;Estados Unidos;;;;;;;;;
5;44;830;5;Estados Unidos;;;;;;;;;
5;31;1017;9;España;;;;;;;;;
5;23;793;13;España;;;;;;;;;
5;62;1593;9;Estados Unidos;;;;;;;;;
5;43;1480;10;España;;;;;;;;;
5;34;945;9;España;;;;;;;;;
5;44;1053;9;Estados Unidos;;;;;;;;;
5;26;2106;18;Francia;;;;;;;;;
5;56;2940;15;Estados Unidos;;;;;;;;;
5;33;927;9;España;;;;;;;;;
5;38;2700;15;Francia;;;;;;;;;
6;40;1980;10;España;;;;;;;;;
6;46;488;4;Estados Unidos;;;;;;;;;
6;21;441;7;Resto del Mundo;;;;;;;;;
6;31;1032;8;España;;;;;;;;;
6;27;1666;17;Francia;;;;;;;;;
6;65;1116;6;Estados Unidos;;;;;;;;;
6;20;440;8;Resto del Mundo;;;;;;;;;
6;22;602;7;Estados Unidos;;;;;;;;;
6;39;2100;12;España;;;;;;;;;
6;43;472;4;Estados Unidos;;;;;;;;;
6;32;300;2;Estados Unidos;;;;;;;;;
6;13;424;8;Resto del Mundo;;;;;;;;;
6;31;1310;10;España;;;;;;;;;
6;27;1064;8;España;;;;;;;;;
6;40;460;4;Estados Unidos;;;;;;;;;
6;49;2730;14;Francia;;;;;;;;;
6;57;1630;10;Estados Unidos;;;;;;;;;
6;53;1976;13;Francia;;;;;;;;;
6;53;1665;9;Estados Unidos;;;;;;;;;
6;18;765;15;Resto del Mundo;;;;;;;;;
7;28;750;10;España;;;;;;;;;
7;44;1340;10;Francia;;;;;;;;;
7;41;1044;9;España;;;;;;;;;
7;17;603;9;Resto del Mundo;;;;;;;;;
7;57;573;3;Estados Unidos;;;;;;;;;
7;42;918;6;España;;;;;;;;;
7;32;1510;10;España;;;;;;;;;
7;50;1807;13;Francia;;;;;;;;;
7;35;372;4;Estados Unidos;;;;;;;;;
7;18;240;4;Resto del Mundo;;;;;;;;;
7;38;508;4;Estados Unidos;;;;;;;;;
7;44;1992;12;Francia;;;;;;;;;
7;61;1309;7;Estados Unidos;;;;;;;;;
7;16;142;2;Resto del Mundo;;;;;;;;;
7;42;580;5;Estados Unidos;;;;;;;;;
7;21;1344;16;Estados Unidos;;;;;;;;;
7;66;3120;16;Estados Unidos;;;;;;;;;
7;18;806;13;España;;;;;;;;;
7;26;540;5;Estados Unidos;;;;;;;;;
7;32;840;7;España;;;;;;;;;
8;41;448;4;Estados Unidos;;;;;;;;;
8;40;1524;12;España;;;;;;;;;
8;36;1071;9;España;;;;;;;;;
8;32;1060;10;España;;;;;;;;;
8;18;600;10;Estados Unidos;;;;;;;;;
8;37;2208;12;España;;;;;;;;;
8;16;228;4;Estados Unidos;;;;;;;;;
8;62;1320;8;Estados Unidos;;;;;;;;;
8;43;1456;8;España;;;;;;;;;
8;37;1788;12;España;;;;;;;;;
8;31;411;3;Estados Unidos;;;;;;;;;
8;66;1950;10;Estados Unidos;;;;;;;;;
8;38;1680;10;España;;;;;;;;;
8;29;873;9;España;;;;;;;;;
8;36;356;2;Estados Unidos;;;;;;;;;
8;28;1078;11;España;;;;;;;;;
8;35;580;5;Estados Unidos;;;;;;;;;
8;37;952;7;España;;;;;;;;;
8;36;1424;8;España;;;;;;;;;
8;27;1224;12;España;;;;;;;;;
9;32;2385;15;Francia;;;;;;;;;
9;55;3247;17;Estados Unidos;;;;;;;;;
9;36;1422;9;España;;;;;;;;;
9;57;2800;16;Estados Unidos;;;;;;;;;
9;24;896;8;España;;;;;;;;;
9;17;402;6;Estados Unidos;;;;;;;;;
9;39;2509;13;España;;;;;;;;;
9;38;1152;6;España;;;;;;;;;
9;29;1365;13;España;;;;;;;;;
9;34;1680;16;Francia;;;;;;;;;
9;29;474;6;Estados Unidos;;;;;;;;;
9;50;1520;8;Estados Unidos;;;;;;;;;
9;45;1026;6;Estados Unidos;;;;;;;;;
9;41;750;6;España;;;;;;;;;
9;33;1547;13;España;;;;;;;;;
9;69;1372;7;Estados Unidos;;;;;;;;;
9;35;700;7;España;;;;;;;;;
9;19;406;7;Estados Unidos;;;;;;;;;
9;25;896;8;España;;;;;;;;;
9;42;1068;6;España;;;;;;;;;
10;36;1482;13;España;;;;;;;;;
10;38;1780;10;España;;;;;;;;;
10;35;1596;12;España;;;;;;;;;
10;28;666;6;Estados Unidos;;;;;;;;;
10;27;342;3;Estados Unidos;;;;;;;;;
10;22;1350;18;Francia;;;;;;;;;
10;22;525;5;Estados Unidos;;;;;;;;;
10;20;1600;16;Estados Unidos;;;;;;;;;
10;31;1196;13;España;;;;;;;;;
10;17;222;3;Estados Unidos;;;;;;;;;
10;43;2660;14;España;;;;;;;;;
10;49;356;2;Estados Unidos;;;;;;;;;
10;63;3042;18;Estados Unidos;;;;;;;;;
10;68;1440;8;Estados Unidos;;;;;;;;;
10;50;2470;13;Francia;;;;;;;;;
10;20;544;8;Estados Unidos;;;;;;;;;
10;41;2805;17;Francia;;;;;;;;;
10;53;2132;13;Francia;;;;;;;;;
10;62;3009;17;Estados Unidos;;;;;;;;;
10;36;768;8;España;;;;;;;;;
11;11;540;10;Estados Unidos;;;;;;;;;
11;57;1560;10;Estados Unidos;;;;;;;;;
11;26;880;10;Estados Unidos;;;;;;;;;
11;21;1590;15;Estados Unidos;;;;;;;;;
11;20;550;10;Estados Unidos;;;;;;;;;
11;23;869;11;Estados Unidos;;;;;;;;;
11;45;465;3;Estados Unidos;;;;;;;;;
11;28;728;8;Estados Unidos;;;;;;;;;
11;29;356;4;Estados Unidos;;;;;;;;;
11;42;1592;8;Estados Unidos;;;;;;;;;
11;50;740;5;Estados Unidos;;;;;;;;;
11;23;335;5;Estados Unidos;;;;;;;;;
11;56;1590;10;Estados Unidos;;;;;;;;;
11;52;692;4;Estados Unidos;;;;;;;;;
11;36;2114;14;Estados Unidos;;;;;;;;;
11;23;640;8;Estados Unidos;;;;;;;;;
11;15;704;11;Estados Unidos;;;;;;;;;
11;26;984;8;Estados Unidos;;;;;;;;;
11;22;366;6;Estados Unidos;;;;;;;;;
11;16;636;12;Estados Unidos;;;;;;;;;
12;38;1352;13;Estados Unidos;;;;;;;;;
12;42;1764;9;Estados Unidos;;;;;;;;;
12;55;680;4;Estados Unidos;;;;;;;;;
12;64;3136;16;Estados Unidos;;;;;;;;;
12;36;1197;7;Estados Unidos;;;;;;;;;
12;23;490;5;Estados Unidos;;;;;;;;;
12;65;1544;8;Estados Unidos;;;;;;;;;
12;14;627;11;Estados Unidos;;;;;;;;;
12;25;1218;14;Estados Unidos;;;;;;;;;
12;24;1050;10;Estados Unidos;;;;;;;;;
12;16;966;14;Estados Unidos;;;;;;;;;
12;43;854;7;Estados Unidos;;;;;;;;;
12;43;620;5;Estados Unidos;;;;;;;;;
12;37;1605;15;Estados Unidos;;;;;;;;;
12;68;1600;8;Estados Unidos;;;;;;;;;
12;27;1800;20;Estados Unidos;;;;;;;;;
12;48;1651;13;Estados Unidos;;;;;;;;;
12;33;1606;11;Estados Unidos;;;;;;;;;
12;35;630;6;Estados Unidos;;;;;;;;;
12;40;912;6;Estados Unidos;;;;;;;;;
13;25;990;10;Estados Unidos;;;;;;;;;
13;12;168;3;Estados Unidos;;;;;;;;;
13;15;990;15;Estados Unidos;;;;;;;;;
13;20;1034;11;Estados Unidos;;;;;;;;;
13;51;2057;11;Estados Unidos;;;;;;;;;
13;42;1824;12;Estados Unidos;;;;;;;;;
13;30;644;7;Estados Unidos;;;;;;;;;
13;28;574;7;Estados Unidos;;;;;;;;;
13;17;605;11;Estados Unidos;;;;;;;;;
13;56;795;5;Estados Unidos;;;;;;;;;
13;23;988;13;Estados Unidos;;;;;;;;;
13;50;1528;8;Estados Unidos;;;;;;;;;
13;50;1639;11;Estados Unidos;;;;;;;;;
13;28;588;6;Estados Unidos;;;;;;;;;
13;39;945;7;Estados Unidos;;;;;;;;;
13;53;1830;10;Estados Unidos;;;;;;;;;
13;44;2944;16;Estados Unidos;;;;;;;;;
13;29;1656;12;Estados Unidos;;;;;;;;;
13;59;1638;9;Estados Unidos;;;;;;;;;
13;25;565;5;Estados Unidos;;;;;;;;;
1;17;700;14;España;;;;;;;;;
1;32;133;1;Estados Unidos;;;;;;;;;
1;38;728;7;España;;;;;;;;;
1;39;2055;15;Estados Unidos;;;;;;;;;
1;68;1365;7;Estados Unidos;;;;;;;;;
1;44;1464;12;Estados Unidos;;;;;;;;;
1;17;402;6;Resto del Mundo;;;;;;;;;
1;11;265;5;Resto del Mundo;;;;;;;;;
1;48;543;3;Estados Unidos;;;;;;;;;
1;37;1496;8;España;;;;;;;;;
1;34;286;2;Estados Unidos;;;;;;;;;
1;45;1668;12;Estados Unidos;;;;;;;;;
1;37;1647;9;España;;;;;;;;;
1;36;968;8;España;;;;;;;;;
1;49;408;3;Estados Unidos;;;;;;;;;
1;13;65;1;Resto del Mundo;;;;;;;;;
1;57;181;1;Estados Unidos;;;;;;;;;
1;23;1712;16;Estados Unidos;;;;;;;;;
1;46;1225;7;Estados Unidos;;;;;;;;;
1;31;752;8;España;;;;;;;;;
2;31;1599;13;España;;;;;;;;;
2;13;960;16;Resto del Mundo;;;;;;;;;
2;12;165;3;Resto del Mundo;;;;;;;;;
2;31;1125;9;España;;;;;;;;;
2;63;772;4;Estados Unidos;;;;;;;;;
2;43;2236;13;España;;;;;;;;;
2;43;1242;9;España;;;;;;;;;
2;21;495;9;Resto del Mundo;;;;;;;;;
2;29;158;2;Estados Unidos;;;;;;;;;
2;17;528;8;Resto del Mundo;;;;;;;;;
2;34;455;5;Estados Unidos;;;;;;;;;
2;39;416;4;Estados Unidos;;;;;;;;;
2;14;950;19;Estados Unidos;;;;;;;;;
2;44;780;4;Estados Unidos;;;;;;;;;
2;34;490;5;Estados Unidos;;;;;;;;;
2;65;1791;9;Estados Unidos;;;;;;;;;
2;18;624;8;Resto del Mundo;;;;;;;;;
2;63;2704;16;Estados Unidos;;;;;;;;;
2;43;1332;9;España;;;;;;;;;
2;33;2142;18;Estados Unidos;;;;;;;;;
3;57;2432;16;Estados Unidos;;;;;;;;;
3;61;3150;18;Estados Unidos;;;;;;;;;
3;46;1647;9;Estados Unidos;;;;;;;;;
3;20;600;10;Resto del Mundo;;;;;;;;;
3;12;275;5;Resto del Mundo;;;;;;;;;
3;36;685;5;España;;;;;;;;;
3;29;1472;16;Alemania;;;;;;;;;
3;45;1340;10;Alemania;;;;;;;;;
3;42;1130;10;España;;;;;;;;;
3;32;1840;16;Estados Unidos;;;;;;;;;
3;48;1562;11;Alemania;;;;;;;;;
3;29;715;5;España;;;;;;;;;
3;35;784;7;España;;;;;;;;;
3;60;1320;8;Estados Unidos;;;;;;;;;
3;47;1310;10;Alemania;;;;;;;;;
3;18;539;7;Resto del Mundo;;;;;;;;;
3;27;428;4;Estados Unidos;;;;;;;;;
3;34;816;6;España;;;;;;;;;
3;48;768;4;Estados Unidos;;;;;;;;;
3;52;2422;14;Estados Unidos;;;;;;;;;
4;42;1474;11;España;;;;;;;;;
4;42;1152;9;España;;;;;;;;;
4;43;1230;10;España;;;;;;;;;
4;28;1875;15;Francia;;;;;;;;;
4;58;2506;14;Estados Unidos;;;;;;;;;
4;17;396;6;Resto del Mundo;;;;;;;;;
4;30;1548;18;Francia;;;;;;;;;
4;39;970;5;España;;;;;;;;;
4;42;3179;17;Francia;;;;;;;;;
4;35;1746;18;Francia;;;;;;;;;
4;18;360;5;Resto del Mundo;;;;;;;;;
4;30;1938;17;Francia;;;;;;;;;
4;28;1932;14;España;;;;;;;;;
4;30;979;11;España;;;;;;;;;
4;37;616;4;Estados Unidos;;;;;;;;;
4;46;568;4;Estados Unidos;;;;;;;;;
4;17;256;4;Resto del Mundo;;;;;;;;;
4;22;210;3;Estados Unidos;;;;;;;;;
4;29;1313;13;España;;;;;;;;;
4;38;537;3;Estados Unidos;;;;;;;;;
5;26;1364;11;España;;;;;;;;;
5;41;762;6;España;;;;;;;;;
5;39;1030;10;España;;;;;;;;;
5;24;1065;15;Francia;;;;;;;;;
5;49;876;6;Estados Unidos;;;;;;;;;
5;32;728;8;España;;;;;;;;;
5;28;2414;17;Francia;;;;;;;;;
5;54;1430;10;Francia;;;;;;;;;
5;61;336;2;Estados Unidos;;;;;;;;;
5;21;553;7;Resto del Mundo;;;;;;;;;
5;38;1650;11;España;;;;;;;;;
5;26;300;4;Estados Unidos;;;;;;;;;
5;44;966;6;Estados Unidos;;;;;;;;;
5;71;2079;11;Estados Unidos;;;;;;;;;
5;61;1014;6;Estados Unidos;;;;;;;;;
5;24;1166;11;España;;;;;;;;;
5;61;1504;8;Estados Unidos;;;;;;;;;
5;44;2364;12;Francia;;;;;;;;;
5;23;558;9;Estados Unidos;;;;;;;;;
5;43;2212;14;España;;;;;;;;;
6;70;796;4;Estados Unidos;;;;;;;;;
6;24;575;5;Estados Unidos;;;;;;;;;
6;20;414;6;Resto del Mundo;;;;;;;;;
6;45;847;7;Estados Unidos;;;;;;;;;
6;38;1113;7;España;;;;;;;;;
6;25;276;3;Estados Unidos;;;;;;;;;
6;24;1680;15;Francia;;;;;;;;;
6;50;670;5;Estados Unidos;;;;;;;;;
6;47;624;4;Estados Unidos;;;;;;;;;
6;49;1560;8;Estados Unidos;;;;;;;;;
6;21;264;3;Resto del Mundo;;;;;;;;;
6;46;128;1;Estados Unidos;;;;;;;;;
6;27;1096;8;España;;;;;;;;;
6;11;636;12;Resto del Mundo;;;;;;;;;
6;41;1624;14;España;;;;;;;;;
6;51;2210;13;Francia;;;;;;;;;
6;28;999;9;España;;;;;;;;;
6;24;1024;16;Francia;;;;;;;;;
6;32;1479;17;Francia;;;;;;;;;
6;45;1539;9;Estados Unidos;;;;;;;;;
7;24;336;4;Estados Unidos;;;;;;;;;
7;33;1026;9;España;;;;;;;;;
7;21;414;6;Resto del Mundo;;;;;;;;;
7;19;1335;15;Estados Unidos;;;;;;;;;
7;43;364;2;Estados Unidos;;;;;;;;;
7;45;1331;11;Francia;;;;;;;;;
7;22;603;9;Estados Unidos;;;;;;;;;
7;68;2123;11;Estados Unidos;;;;;;;;;
7;13;106;2;Resto del Mundo;;;;;;;;;
7;61;1629;9;Estados Unidos;;;;;;;;;
7;43;1600;8;España;;;;;;;;;
7;33;1484;14;España;;;;;;;;;
7;55;2024;11;Estados Unidos;;;;;;;;;
7;55;1764;12;Estados Unidos;;;;;;;;;
7;45;792;6;Estados Unidos;;;;;;;;;
7;15;231;3;Resto del Mundo;;;;;;;;;
7;24;759;11;España;;;;;;;;;
7;60;2310;14;Estados Unidos;;;;;;;;;
7;54;2256;12;Francia;;;;;;;;;
7;31;1518;11;España;;;;;;;;;
8;41;2123;11;España;;;;;;;;;
8;12;366;6;Estados Unidos;;;;;;;;;
8;68;748;4;Estados Unidos;;;;;;;;;
8;32;1067;11;España;;;;;;;;;
8;36;672;6;Estados Unidos;;;;;;;;;
8;11;850;17;Estados Unidos;;;;;;;;;
8;47;1800;10;Francia;;;;;;;;;
8;42;1540;10;España;;;;;;;;;
8;50;572;4;Estados Unidos;;;;;;;;;
8;13;265;5;Estados Unidos;;;;;;;;;
8;64;3458;19;Estados Unidos;;;;;;;;;
8;22;335;5;Estados Unidos;;;;;;;;;
8;23;1649;17;Francia;;;;;;;;;
8;14;390;6;Estados Unidos;;;;;;;;;
8;46;1260;10;Francia;;;;;;;;;
8;45;1330;7;Estados Unidos;;;;;;;;;
8;40;2124;12;España;;;;;;;;;
8;33;1630;10;España;;;;;;;;;
8;30;498;6;Estados Unidos;;;;;;;;;
8;45;2771;17;Francia;;;;;;;;;
9;58;2052;12;Estados Unidos;;;;;;;;;
9;32;1050;10;España;;;;;;;;;
9;12;754;13;España;;;;;;;;;
9;49;2548;13;Francia;;;;;;;;;
9;38;1859;13;España;;;;;;;;;
9;62;1464;8;Estados Unidos;;;;;;;;;
9;17;396;6;Estados Unidos;;;;;;;;;
9;14;600;10;Estados Unidos;;;;;;;;;
9;44;1410;10;Francia;;;;;;;;;
9;29;2295;17;Francia;;;;;;;;;
9;33;2227;17;Francia;;;;;;;;;
9;19;558;9;Estados Unidos;;;;;;;;;
9;50;1728;9;Estados Unidos;;;;;;;;;
9;20;744;8;España;;;;;;;;;
9;26;632;8;Estados Unidos;;;;;;;;;
9;41;1298;11;España;;;;;;;;;
9;32;1287;11;España;;;;;;;;;
9;47;1963;13;Francia;;;;;;;;;
9;21;768;12;España;;;;;;;;;
9;68;374;2;Estados Unidos;;;;;;;;;
10;34;1918;14;España;;;;;;;;;
10;28;1120;10;España;;;;;;;;;
10;26;490;7;Estados Unidos;;;;;;;;;
10;15;660;12;Estados Unidos;;;;;;;;;
10;63;2076;12;Estados Unidos;;;;;;;;;
10;27;270;2;Estados Unidos;;;;;;;;;
10;24;1140;10;España;;;;;;;;;
10;36;792;8;España;;;;;;;;;
10;34;816;6;España;;;;;;;;;
10;16;530;10;Estados Unidos;;;;;;;;;
10;16;378;6;Estados Unidos;;;;;;;;;
10;39;575;5;Estados Unidos;;;;;;;;;
10;35;1764;12;España;;;;;;;;;
10;22;236;4;Estados Unidos;;;;;;;;;
10;38;1625;13;España;;;;;;;;;
10;53;2134;11;Francia;;;;;;;;;
10;33;1377;9;España;;;;;;;;;
10;26;700;10;España;;;;;;;;;
10;22;986;17;Francia;;;;;;;;;
10;45;1557;9;Estados Unidos;;;;;;;;;
11;18;255;5;Estados Unidos;;;;;;;;;
11;35;2159;17;Estados Unidos;;;;;;;;;
11;27;936;13;Estados Unidos;;;;;;;;;
11;51;1372;7;Estados Unidos;;;;;;;;;
11;60;640;4;Estados Unidos;;;;;;;;;
11;41;1395;9;Estados Unidos;;;;;;;;;
11;52;1002;6;Estados Unidos;;;;;;;;;
11;23;309;3;Estados Unidos;;;;;;;;;
11;37;1312;8;Estados Unidos;;;;;;;;;
11;47;2189;11;Estados Unidos;;;;;;;;;
11;18;720;8;Estados Unidos;;;;;;;;;
11;35;465;5;Estados Unidos;;;;;;;;;
11;27;903;7;Estados Unidos;;;;;;;;;
11;46;1162;7;Estados Unidos;;;;;;;;;
11;17;280;5;Estados Unidos;;;;;;;;;
11;25;792;11;Estados Unidos;;;;;;;;;
11;54;1188;6;Estados Unidos;;;;;;;;;
11;16;572;11;Estados Unidos;;;;;;;;;
11;25;970;10;Estados Unidos;;;;;;;;;
11;46;520;4;Estados Unidos;;;;;;;;;
12;11;972;18;Estados Unidos;;;;;;;;;
12;27;780;10;Estados Unidos;;;;;;;;;
12;29;98;1;Estados Unidos;;;;;;;;;
12;43;1220;10;Estados Unidos;;;;;;;;;
12;61;1746;9;Estados Unidos;;;;;;;;;
12;45;1141;7;Estados Unidos;;;;;;;;;
12;54;1566;9;Estados Unidos;;;;;;;;;
12;49;876;6;Estados Unidos;;;;;;;;;
12;14;1024;16;Estados Unidos;;;;;;;;;
12;34;2040;20;Estados Unidos;;;;;;;;;
12;48;2280;12;Estados Unidos;;;;;;;;;
12;11;477;9;Estados Unidos;;;;;;;;;
12;17;1032;12;Estados Unidos;;;;;;;;;
12;21;2033;19;Estados Unidos;;;;;;;;;
12;51;1074;6;Estados Unidos;;;;;;;;;
12;33;2296;14;Estados Unidos;;;;;;;;;
12;27;567;7;Estados Unidos;;;;;;;;;
12;17;996;12;Estados Unidos;;;;;;;;;
12;47;1548;9;Estados Unidos;;;;;;;;;
12;34;3060;20;Estados Unidos;;;;;;;;;
13;66;1880;10;Estados Unidos;;;;;;;;;
13;40;760;5;Estados Unidos;;;;;;;;;
13;13;450;9;Estados Unidos;;;;;;;;;
13;66;394;2;Estados Unidos;;;;;;;;;
13;50;1152;6;Estados Unidos;;;;;;;;;
13;20;378;7;Estados Unidos;;;;;;;;;
13;22;975;15;Estados Unidos;;;;;;;;;
13;26;650;5;Estados Unidos;;;;;;;;;
13;57;2262;13;Estados Unidos;;;;;;;;;
13;17;726;11;Estados Unidos;;;;;;;;;
13;49;1904;14;Estados Unidos;;;;;;;;;
13;30;1040;10;Estados Unidos;;;;;;;;;
13;16;567;7;Estados Unidos;;;;;;;;;
13;56;2156;11;Estados Unidos;;;;;;;;;
13;66;1890;10;Estados Unidos;;;;;;;;;
13;59;3420;19;Estados Unidos;;;;;;;;;
13;35;1680;12;Estados Unidos;;;;;;;;;
13;31;465;5;Estados Unidos;;;;;;;;;
13;54;1771;11;Estados Unidos;;;;;;;;;
13;37;1032;6;Estados Unidos;;;;;;;;;
1;41;1746;9;España;;;;;;;;;
1;26;1548;12;España;;;;;;;;;
1;17;1376;16;Estados Unidos;;;;;;;;;
1;55;1158;6;Estados Unidos;;;;;;;;;
1;33;1736;14;España;;;;;;;;;
1;21;1050;10;España;;;;;;;;;
1;51;1141;7;Estados Unidos;;;;;;;;;
1;35;1395;9;España;;;;;;;;;
1;69;3024;16;Estados Unidos;;;;;;;;;
1;43;552;4;Estados Unidos;;;;;;;;;
1;24;1008;9;España;;;;;;;;;
1;19;741;13;España;;;;;;;;;
1;48;381;3;Estados Unidos;;;;;;;;;
1;43;750;5;España;;;;;;;;;
1;24;462;6;Estados Unidos;;;;;;;;;
1;33;805;7;España;;;;;;;;;
1;17;960;12;España;;;;;;;;;
1;37;1064;8;España;;;;;;;;;
1;37;2628;18;Estados Unidos;;;;;;;;;
1;15;910;13;España;;;;;;;;;
2;15;1022;14;España;;;;;;;;;
2;21;1110;15;Resto del Mundo;;;;;;;;;
2;54;688;4;Estados Unidos;;;;;;;;;
2;21;736;8;España;;;;;;;;;
2;35;1742;13;España;;;;;;;;;
2;38;1044;9;España;;;;;;;;;
2;14;1005;15;Resto del Mundo;;;;;;;;;
2;43;1720;10;España;;;;;;;;;
2;53;1956;12;Estados Unidos;;;;;;;;;
2;41;880;8;España;;;;;;;;;
2;46;1771;11;Estados Unidos;;;;;;;;;
2;55;2054;13;Estados Unidos;;;;;;;;;
2;22;966;14;España;;;;;;;;;
2;31;924;7;España;;;;;;;;;
2;57;915;5;Estados Unidos;;;;;;;;;
2;34;1805;19;Estados Unidos;;;;;;;;;
2;46;756;6;Estados Unidos;;;;;;;;;
2;55;3184;16;Estados Unidos;;;;;;;;;
2;15;300;5;Resto del Mundo;;;;;;;;;
2;15;462;6;Resto del Mundo;;;;;;;;;
3;25;891;11;España;;;;;;;;;
3;44;2067;13;Estados Unidos;;;;;;;;;
3;41;990;6;España;;;;;;;;;
3;50;1900;10;Estados Unidos;;;;;;;;;
3;46;1088;8;Estados Unidos;;;;;;;;;
3;36;1224;9;España;;;;;;;;;
3;24;576;9;Estados Unidos;;;;;;;;;
3;39;2086;14;España;;;;;;;;;
3;50;588;4;Estados Unidos;;;;;;;;;
3;27;1000;8;España;;;;;;;;;
3;42;995;5;España;;;;;;;;;
3;65;1080;6;Estados Unidos;;;;;;;;;
3;46;1755;13;Alemania;;;;;;;;;
3;65;2328;12;Estados Unidos;;;;;;;;;
3;47;652;4;Estados Unidos;;;;;;;;;
3;14;660;10;Resto del Mundo;;;;;;;;;
3;12;305;5;Resto del Mundo;;;;;;;;;
3;29;620;5;Estados Unidos;;;;;;;;;
3;51;2960;16;Estados Unidos;;;;;;;;;
3;22;518;7;Estados Unidos;;;;;;;;;
4;59;880;5;Estados Unidos;;;;;;;;;
4;23;828;9;España;;;;;;;;;
4;37;1020;10;España;;;;;;;;;
4;33;1320;15;Francia;;;;;;;;;
4;23;920;10;España;;;;;;;;;
4;36;816;6;España;;;;;;;;;
4;45;688;4;Estados Unidos;;;;;;;;;
4;34;1330;14;España;;;;;;;;;
4;47;785;5;Estados Unidos;;;;;;;;;
4;48;2702;14;Francia;;;;;;;;;
4;19;744;12;España;;;;;;;;;
4;54;1379;7;Estados Unidos;;;;;;;;;
4;43;2000;10;España;;;;;;;;;
4;24;480;6;Estados Unidos;;;;;;;;;
4;50;1750;10;Francia;;;;;;;;;
4;62;1830;10;Estados Unidos;;;;;;;;;
4;14;660;11;Resto del Mundo;;;;;;;;;
4;14;268;4;Resto del Mundo;;;;;;;;;
4;41;2054;13;España;;;;;;;;;
4;43;889;7;España;;;;;;;;;
5;48;127;1;Estados Unidos;;;;;;;;;
5;27;1340;10;España;;;;;;;;;
5;18;756;14;España;;;;;;;;;
5;31;1368;12;España;;;;;;;;;
5;18;621;9;Resto del Mundo;;;;;;;;;
5;42;1520;10;España;;;;;;;;;
5;13;300;6;Resto del Mundo;;;;;;;;;
5;19;532;7;Resto del Mundo;;;;;;;;;
5;45;858;6;Estados Unidos;;;;;;;;;
5;63;2975;17;Estados Unidos;;;;;;;;;
5;51;1467;9;Estados Unidos;;;;;;;;;
5;22;923;13;España;;;;;;;;;
5;25;285;3;Estados Unidos;;;;;;;;;
5;32;483;3;Estados Unidos;;;;;;;;;
5;51;2328;12;Francia;;;;;;;;;
5;56;1386;9;Estados Unidos;;;;;;;;;
5;21;832;8;España;;;;;;;;;
5;23;535;5;Estados Unidos;;;;;;;;;
5;34;930;10;España;;;;;;;;;
5;25;1625;13;España;;;;;;;;;
6;28;1164;12;España;;;;;;;;;
6;62;1584;8;Estados Unidos;;;;;;;;;
6;42;995;5;España;;;;;;;;;
6;20;544;8;Resto del Mundo;;;;;;;;;
6;54;2175;15;Francia;;;;;;;;;
6;36;1086;6;España;;;;;;;;;
6;29;1176;12;España;;;;;;;;;
6;40;770;5;España;;;;;;;;;
6;38;724;4;España;;;;;;;;;
6;17;1110;15;Resto del Mundo;;;;;;;;;
6;53;1536;8;Estados Unidos;;;;;;;;;
6;18;603;9;Resto del Mundo;;;;;;;;;
6;32;1106;7;España;;;;;;;;;
6;11;530;10;Resto del Mundo;;;;;;;;;
6;48;1086;6;Estados Unidos;;;;;;;;;
6;40;1272;12;España;;;;;;;;;
6;37;2100;20;Estados Unidos;;;;;;;;;
6;21;1302;14;España;;;;;;;;;
6;45;492;4;Estados Unidos;;;;;;;;;
6;23;792;9;España;;;;;;;;;
7;32;966;6;España;;;;;;;;;
7;15;568;8;Resto del Mundo;;;;;;;;;
7;39;2024;11;España;;;;;;;;;
7;37;2261;17;Francia;;;;;;;;;
7;31;1161;9;España;;;;;;;;;
7;50;1056;8;Estados Unidos;;;;;;;;;
7;27;1524;12;España;;;;;;;;;
7;17;504;7;Resto del Mundo;;;;;;;;;
7;54;198;1;Estados Unidos;;;;;;;;;
7;38;459;3;Estados Unidos;;;;;;;;;
7;37;1212;12;España;;;;;;;;;
7;28;279;3;Estados Unidos;;;;;;;;;
7;15;663;13;Resto del Mundo;;;;;;;;;
7;20;232;4;Resto del Mundo;;;;;;;;;
7;42;520;4;Estados Unidos;;;;;;;;;
7;21;268;4;Resto del Mundo;;;;;;;;;
7;30;872;8;España;;;;;;;;;
7;28;2224;16;Francia;;;;;;;;;
7;25;920;10;España;;;;;;;;;
7;34;1026;6;España;;;;;;;;;
8;19;666;9;Estados Unidos;;;;;;;;;
8;36;1736;14;España;;;;;;;;;
8;72;1728;9;Estados Unidos;;;;;;;;;
8;56;465;3;Estados Unidos;;;;;;;;;
8;14;544;8;Estados Unidos;;;;;;;;;
8;29;1240;10;España;;;;;;;;;
8;26;160;2;Estados Unidos;;;;;;;;;
8;19;402;6;Estados Unidos;;;;;;;;;
8;16;260;4;Estados Unidos;;;;;;;;;
8;56;1880;10;Estados Unidos;;;;;;;;;
8;36;1432;8;España;;;;;;;;;
8;24;949;13;España;;;;;;;;;
8;27;1920;15;Francia;;;;;;;;;
8;15;375;5;Estados Unidos;;;;;;;;;
8;56;2156;11;Estados Unidos;;;;;;;;;
8;45;246;2;Estados Unidos;;;;;;;;;
8;15;522;9;Estados Unidos;;;;;;;;;
8;20;408;6;Estados Unidos;;;;;;;;;
8;32;808;8;España;;;;;;;;;
8;30;106;1;Estados Unidos;;;;;;;;;
9;27;980;10;España;;;;;;;;;
9;34;1806;14;España;;;;;;;;;
9;41;1008;9;España;;;;;;;;;
9;19;550;11;Estados Unidos;;;;;;;;;
9;27;968;8;España;;;;;;;;;
9;32;861;7;España;;;;;;;;;
9;39;592;4;Estados Unidos;;;;;;;;;
9;38;1022;7;España;;;;;;;;;
9;19;279;3;Estados Unidos;;;;;;;;;
9;43;1980;11;España;;;;;;;;;
9;48;1176;8;Estados Unidos;;;;;;;;;
9;50;2622;19;Estados Unidos;;;;;;;;;
9;20;425;5;Estados Unidos;;;;;;;;;
9;18;748;11;España;;;;;;;;;
9;25;960;10;España;;;;;;;;;
9;43;1359;9;España;;;;;;;;;
9;47;1750;14;Francia;;;;;;;;;
9;29;780;6;España;;;;;;;;;
9;29;784;7;España;;;;;;;;;
9;21;460;5;Estados Unidos;;;;;;;;;
10;25;1638;18;Francia;;;;;;;;;
10;30;1768;17;Francia;;;;;;;;;
10;21;1312;16;Estados Unidos;;;;;;;;;
10;61;1323;7;Estados Unidos;;;;;;;;;
10;34;488;4;Estados Unidos;;;;;;;;;
10;29;1380;12;España;;;;;;;;;
10;21;962;13;España;;;;;;;;;
10;21;504;9;Estados Unidos;;;;;;;;;
10;47;2506;14;Francia;;;;;;;;;
10;19;248;4;Estados Unidos;;;;;;;;;
10;33;1020;10;España;;;;;;;;;
10;46;2397;17;Francia;;;;;;;;;
10;20;348;6;Estados Unidos;;;;;;;;;
10;26;365;5;Estados Unidos;;;;;;;;;
10;20;1224;18;Estados Unidos;;;;;;;;;
10;60;2064;12;Estados Unidos;;;;;;;;;
10;35;582;6;Estados Unidos;;;;;;;;;
10;53;1500;10;Francia;;;;;;;;;
10;29;1210;11;España;;;;;;;;;
10;26;1035;15;Francia;;;;;;;;;
11;12;295;5;Estados Unidos;;;;;;;;;
11;63;1504;8;Estados Unidos;;;;;;;;;
11;26;810;9;Estados Unidos;;;;;;;;;
11;70;2587;13;Estados Unidos;;;;;;;;;
11;15;660;10;Estados Unidos;;;;;;;;;
11;63;1000;5;Estados Unidos;;;;;;;;;
11;34;784;7;Estados Unidos;;;;;;;;;
11;49;840;6;Estados Unidos;;;;;;;;;
11;24;345;3;Estados Unidos;;;;;;;;;
11;53;1260;9;Estados Unidos;;;;;;;;;
11;49;1251;9;Estados Unidos;;;;;;;;;
11;12;572;11;Estados Unidos;;;;;;;;;
11;22;384;6;Estados Unidos;;;;;;;;;
11;57;1900;10;Estados Unidos;;;;;;;;;
11;16;558;9;Estados Unidos;;;;;;;;;
11;47;850;5;Estados Unidos;;;;;;;;;
11;36;1088;8;Estados Unidos;;;;;;;;;
11;43;1368;8;Estados Unidos;;;;;;;;;
11;30;1400;14;Estados Unidos;;;;;;;;;
11;33;1793;11;Estados Unidos;;;;;;;;;
12;42;120;1;Estados Unidos;;;;;;;;;
12;19;518;7;Estados Unidos;;;;;;;;;
12;40;2090;11;Estados Unidos;;;;;;;;;
12;39;680;5;Estados Unidos;;;;;;;;;
12;44;700;5;Estados Unidos;;;;;;;;;
12;18;1155;15;Estados Unidos;;;;;;;;;
12;33;1615;17;Estados Unidos;;;;;;;;;
12;74;788;4;Estados Unidos;;;;;;;;;
12;42;1860;10;Estados Unidos;;;;;;;;;
12;19;248;4;Estados Unidos;;;;;;;;;
12;41;965;5;Estados Unidos;;;;;;;;;
12;55;820;5;Estados Unidos;;;;;;;;;
12;24;558;6;Estados Unidos;;;;;;;;;
12;29;552;4;Estados Unidos;;;;;;;;;
12;24;948;12;Estados Unidos;;;;;;;;;
12;38;1845;15;Estados Unidos;;;;;;;;;
12;13;638;11;Estados Unidos;;;;;;;;;
12;15;876;12;Estados Unidos;;;;;;;;;
12;31;1395;9;Estados Unidos;;;;;;;;;
12;30;630;6;Estados Unidos;;;;;;;;;
13;40;1188;9;Estados Unidos;;;;;;;;;
13;33;1166;11;Estados Unidos;;;;;;;;;
13;67;890;5;Estados Unidos;;;;;;;;;
13;31;1554;14;Estados Unidos;;;;;;;;;
13;30;1995;15;Estados Unidos;;;;;;;;;
13;26;1425;19;Estados Unidos;;;;;;;;;
13;26;768;6;Estados Unidos;;;;;;;;;
13;17;172;2;Estados Unidos;;;;;;;;;
13;48;1680;10;Estados Unidos;;;;;;;;;
13;50;1620;9;Estados Unidos;;;;;;;;;
13;20;980;10;Estados Unidos;;;;;;;;;
13;50;1224;8;Estados Unidos;;;;;;;;;
13;21;845;13;Estados Unidos;;;;;;;;;
13;36;810;5;Estados Unidos;;;;;;;;;
13;42;520;4;Estados Unidos;;;;;;;;;
13;50;1134;6;Estados Unidos;;;;;;;;;
13;55;875;5;Estados Unidos;;;;;;;;;
13;34;936;8;Estados Unidos;;;;;;;;;
13;25;1554;14;Estados Unidos;;;;;;;;;
13;56;2480;16;Estados Unidos;;;;;;;;;
1;23;642;6;Estados Unidos;;;;;;;;;
1;26;332;4;Estados Unidos;;;;;;;;;
1;38;1837;11;España;;;;;;;;;
1;23;1207;17;Estados Unidos;;;;;;;;;
1;63;1746;9;Estados Unidos;;;;;;;;;
1;45;1161;9;Estados Unidos;;;;;;;;;
1;35;1155;7;España;;;;;;;;;
1;38;1885;13;España;;;;;;;;;
1;35;1464;12;España;;;;;;;;;
1;58;954;6;Estados Unidos;;;;;;;;;
1;21;644;7;Resto del Mundo;;;;;;;;;
1;33;1331;11;España;;;;;;;;;
1;32;604;4;Estados Unidos;;;;;;;;;
1;32;2057;17;Estados Unidos;;;;;;;;;
1;12;896;16;Resto del Mundo;;;;;;;;;
1;26;1624;14;España;;;;;;;;;
1;32;1170;10;España;;;;;;;;;
1;39;915;5;España;;;;;;;;;
1;24;840;12;España;;;;;;;;;
1;56;2068;11;Estados Unidos;;;;;;;;;
2;49;1940;10;Estados Unidos;;;;;;;;;
2;19;477;9;Resto del Mundo;;;;;;;;;
2;26;138;2;Estados Unidos;;;;;;;;;
2;44;1098;9;Estados Unidos;;;;;;;;;
2;36;576;4;Estados Unidos;;;;;;;;;
2;49;1773;9;Estados Unidos;;;;;;;;;
2;70;398;2;Estados Unidos;;;;;;;;;
2;36;500;4;Estados Unidos;;;;;;;;;
2;20;760;10;España;;;;;;;;;
2;44;1560;13;Estados Unidos;;;;;;;;;
2;48;1557;9;Estados Unidos;;;;;;;;;
2;27;1017;9;España;;;;;;;;;
2;53;1246;7;Estados Unidos;;;;;;;;;
2;32;1045;11;España;;;;;;;;;
2;13;455;7;Resto del Mundo;;;;;;;;;
2;25;600;8;Estados Unidos;;;;;;;;;
2;20;1425;19;Estados Unidos;;;;;;;;;
2;47;1674;9;Estados Unidos;;;;;;;;;
2;21;1170;13;España;;;;;;;;;
2;40;2226;14;España;;;;;;;;;
3;27;1265;11;España;;;;;;;;;
3;33;714;6;España;;;;;;;;;
3;61;2119;13;Estados Unidos;;;;;;;;;
3;40;1246;7;España;;;;;;;;;
3;57;1050;6;Estados Unidos;;;;;;;;;
3;28;1562;11;España;;;;;;;;;
3;48;2664;18;Estados Unidos;;;;;;;;;
3;24;880;11;España;;;;;;;;;
3;51;987;7;Estados Unidos;;;;;;;;;
3;18;371;7;Resto del Mundo;;;;;;;;;
3;33;872;8;España;;;;;;;;;
3;23;900;15;Alemania;;;;;;;;;
3;15;560;10;Resto del Mundo;;;;;;;;;
3;24;1180;10;España;;;;;;;;;
3;39;1456;13;España;;;;;;;;;
3;21;1300;13;España;;;;;;;;;
3;15;792;12;España;;;;;;;;;
3;25;528;6;Estados Unidos;;;;;;;;;
3;30;416;4;Estados Unidos;;;;;;;;;
3;46;1716;13;Alemania;;;;;;;;;
4;17;348;4;Resto del Mundo;;;;;;;;;
4;46;1370;10;Francia;;;;;;;;;
4;23;340;5;Estados Unidos;;;;;;;;;
4;18;950;19;Estados Unidos;;;;;;;;;
4;52;2422;14;Francia;;;;;;;;;
4;52;1815;11;Francia;;;;;;;;;
4;32;1404;12;España;;;;;;;;;
4;31;924;6;España;;;;;;;;;
4;51;1020;6;Estados Unidos;;;;;;;;;
4;26;387;3;Estados Unidos;;;;;;;;;
4;27;678;6;Estados Unidos;;;;;;;;;
4;63;579;3;Estados Unidos;;;;;;;;;
4;59;1950;10;Estados Unidos;;;;;;;;;
4;34;1192;8;España;;;;;;;;;
4;49;1738;11;Francia;;;;;;;;;
4;27;1111;11;España;;;;;;;;;
4;53;1750;10;Francia;;;;;;;;;
4;16;69;1;Resto del Mundo;;;;;;;;;
4;43;1968;12;España;;;;;;;;;
4;67;2985;15;Estados Unidos;;;;;;;;;
5;18;670;10;Resto del Mundo;;;;;;;;;
5;51;820;5;Estados Unidos;;;;;;;;;
5;31;1209;13;España;;;;;;;;;
5;16;1104;16;Resto del Mundo;;;;;;;;;
5;20;544;8;Resto del Mundo;;;;;;;;;
5;25;990;9;España;;;;;;;;;
5;33;963;9;España;;;;;;;;;
5;47;591;3;Estados Unidos;;;;;;;;;
5;27;1296;12;España;;;;;;;;;
5;41;990;9;España;;;;;;;;;
5;33;612;6;Estados Unidos;;;;;;;;;
5;41;2088;12;España;;;;;;;;;
5;41;960;8;España;;;;;;;;;
5;40;804;6;España;;;;;;;;;
5;19;372;4;Resto del Mundo;;;;;;;;;
5;52;835;5;Estados Unidos;;;;;;;;;
5;61;1304;8;Estados Unidos;;;;;;;;;
5;15;180;3;Resto del Mundo;;;;;;;;;
5;51;790;5;Estados Unidos;;;;;;;;;
5;53;1460;10;Francia;;;;;;;;;
6;46;1716;12;Francia;;;;;;;;;
6;18;732;12;España;;;;;;;;;
6;36;1224;9;España;;;;;;;;;
6;24;1326;13;España;;;;;;;;;
6;27;172;2;Estados Unidos;;;;;;;;;
6;34;763;7;España;;;;;;;;;
6;57;594;3;Estados Unidos;;;;;;;;;
6;35;468;3;Estados Unidos;;;;;;;;;
6;61;2352;12;Estados Unidos;;;;;;;;;
6;17;660;11;Resto del Mundo;;;;;;;;;
6;27;279;3;Estados Unidos;;;;;;;;;
6;13;268;4;Resto del Mundo;;;;;;;;;
6;30;756;7;España;;;;;;;;;
6;66;2068;11;Estados Unidos;;;;;;;;;
6;22;1032;12;España;;;;;;;;;
6;21;1020;12;España;;;;;;;;;
6;33;525;5;Estados Unidos;;;;;;;;;
6;44;2301;13;Francia;;;;;;;;;
6;40;2064;16;Francia;;;;;;;;;
6;70;1860;10;Estados Unidos;;;;;;;;;
7;31;2091;17;Francia;;;;;;;;;
7;30;970;10;España;;;;;;;;;
7;23;1482;13;España;;;;;;;;;
7;49;780;5;Estados Unidos;;;;;;;;;
7;21;1272;12;España;;;;;;;;;
7;45;1134;7;Estados Unidos;;;;;;;;;
7;33;545;5;Estados Unidos;;;;;;;;;
7;34;1222;13;España;;;;;;;;;
7;27;912;12;España;;;;;;;;;
7;29;1200;12;España;;;;;;;;;
7;53;507;3;Estados Unidos;;;;;;;;;
7;35;1404;13;España;;;;;;;;;
7;45;1080;6;Estados Unidos;;;;;;;;;
7;59;2955;15;Estados Unidos;;;;;;;;;
7;23;1088;16;Francia;;;;;;;;;
7;28;340;4;Estados Unidos;;;;;;;;;
7;59;704;4;Estados Unidos;;;;;;;;;
7;42;480;3;Estados Unidos;;;;;;;;;
7;67;2392;13;Estados Unidos;;;;;;;;;
7;25;847;11;España;;;;;;;;;
8;24;902;11;España;;;;;;;;;
8;16;248;4;Estados Unidos;;;;;;;;;
8;38;2400;20;Estados Unidos;;;;;;;;;
8;54;1550;10;Francia;;;;;;;;;
8;22;470;5;Estados Unidos;;;;;;;;;
8;61;692;4;Estados Unidos;;;;;;;;;
8;13;357;7;Estados Unidos;;;;;;;;;
8;50;532;4;Estados Unidos;;;;;;;;;
8;29;1170;10;España;;;;;;;;;
8;21;472;8;Estados Unidos;;;;;;;;;
8;55;2292;12;Estados Unidos;;;;;;;;;
8;22;576;6;Estados Unidos;;;;;;;;;
8;45;903;7;Estados Unidos;;;;;;;;;
8;18;330;5;Estados Unidos;;;;;;;;;
8;18;64;1;Estados Unidos;;;;;;;;;
8;54;1764;9;Estados Unidos;;;;;;;;;
8;34;1441;11;España;;;;;;;;;
8;19;780;12;España;;;;;;;;;
8;26;828;9;España;;;;;;;;;
8;57;995;5;Estados Unidos;;;;;;;;;
9;48;1995;15;Francia;;;;;;;;;
9;56;1280;8;Estados Unidos;;;;;;;;;
9;46;1960;14;Francia;;;;;;;;;
9;21;552;8;Estados Unidos;;;;;;;;;
9;45;1812;12;Francia;;;;;;;;;
9;54;864;6;Estados Unidos;;;;;;;;;
9;15;590;10;Estados Unidos;;;;;;;;;
9;17;760;10;España;;;;;;;;;
9;53;632;4;Estados Unidos;;;;;;;;;
9;23;819;7;España;;;;;;;;;
9;66;1050;6;Estados Unidos;;;;;;;;;
9;31;376;4;Estados Unidos;;;;;;;;;
9;22;897;13;España;;;;;;;;;
9;41;968;8;España;;;;;;;;;
9;45;1885;13;Francia;;;;;;;;;
9;50;556;4;Estados Unidos;;;;;;;;;
9;38;882;7;España;;;;;;;;;
9;31;1288;14;España;;;;;;;;;
9;23;819;9;España;;;;;;;;;
9;10;306;6;Resto de Europa;;;;;;;;;
10;15;424;8;Estados Unidos;;;;;;;;;
10;54;1730;10;Francia;;;;;;;;;
10;31;680;8;Estados Unidos;;;;;;;;;
10;60;480;3;Estados Unidos;;;;;;;;;
10;33;1793;11;España;;;;;;;;;
10;29;1070;10;España;;;;;;;;;
10;51;882;6;Estados Unidos;;;;;;;;;
10;14;594;11;Estados Unidos;;;;;;;;;
10;42;534;3;Estados Unidos;;;;;;;;;
10;54;1449;9;Estados Unidos;;;;;;;;;
10;40;1353;11;España;;;;;;;;;
10;40;1661;11;España;;;;;;;;;
10;33;530;5;Estados Unidos;;;;;;;;;
10;39;1704;12;España;;;;;;;;;
10;44;928;8;Estados Unidos;;;;;;;;;
10;47;850;5;Estados Unidos;;;;;;;;;
10;60;2832;16;Estados Unidos;;;;;;;;;
10;42;1870;10;España;;;;;;;;;
10;19;600;8;Estados Unidos;;;;;;;;;
10;37;555;5;Estados Unidos;;;;;;;;;
11;57;1990;10;Estados Unidos;;;;;;;;;
11;26;672;7;Estados Unidos;;;;;;;;;
11;45;302;2;Estados Unidos;;;;;;;;;
11;27;750;10;Estados Unidos;;;;;;;;;
11;35;990;6;Estados Unidos;;;;;;;;;
11;50;1440;10;Estados Unidos;;;;;;;;;
11;27;1520;16;Estados Unidos;;;;;;;;;
11;48;532;4;Estados Unidos;;;;;;;;;
11;32;1605;15;Estados Unidos;;;;;;;;;
11;53;1947;11;Estados Unidos;;;;;;;;;
11;24;632;8;Estados Unidos;;;;;;;;;
11;38;1908;12;Estados Unidos;;;;;;;;;
11;17;561;11;Estados Unidos;;;;;;;;;
11;50;805;5;Estados Unidos;;;;;;;;;
11;42;534;3;Estados Unidos;;;;;;;;;
11;53;1164;6;Estados Unidos;;;;;;;;;
11;29;555;5;Estados Unidos;;;;;;;;;
11;22;728;8;Estados Unidos;;;;;;;;;
11;27;960;8;Estados Unidos;;;;;;;;;
11;29;1616;16;Estados Unidos;;;;;;;;;
12;37;744;6;Estados Unidos;;;;;;;;;
12;61;978;6;Estados Unidos;;;;;;;;;
12;60;688;4;Estados Unidos;;;;;;;;;
12;28;1104;8;Estados Unidos;;;;;;;;;
12;57;2992;17;Estados Unidos;;;;;;;;;
12;15;325;5;Estados Unidos;;;;;;;;;
12;45;1518;11;Estados Unidos;;;;;;;;;
12;35;2010;15;Estados Unidos;;;;;;;;;
12;28;1944;18;Estados Unidos;;;;;;;;;
12;35;672;6;Estados Unidos;;;;;;;;;
12;52;2178;11;Estados Unidos;;;;;;;;;
12;27;410;5;Estados Unidos;;;;;;;;;
12;30;400;4;Estados Unidos;;;;;;;;;
12;20;660;12;Estados Unidos;;;;;;;;;
12;24;704;11;Estados Unidos;;;;;;;;;
12;30;720;8;Estados Unidos;;;;;;;;;
12;31;1722;14;Estados Unidos;;;;;;;;;
12;73;1560;8;Estados Unidos;;;;;;;;;
12;54;1386;7;Estados Unidos;;;;;;;;;
12;74;1970;10;Estados Unidos;;;;;;;;;
13;58;1800;9;Estados Unidos;;;;;;;;;
13;41;1384;8;Estados Unidos;;;;;;;;;
13;53;1500;10;Estados Unidos;;;;;;;;;
13;52;715;5;Estados Unidos;;;;;;;;;
13;42;2400;15;Estados Unidos;;;;;;;;;
13;28;1353;11;Estados Unidos;;;;;;;;;
13;28;279;3;Estados Unidos;;;;;;;;;
13;36;1134;7;Estados Unidos;;;;;;;;;
13;20;560;10;Estados Unidos;;;;;;;;;
13;53;1183;7;Estados Unidos;;;;;;;;;
13;52;966;6;Estados Unidos;;;;;;;;;
13;22;552;8;Estados Unidos;;;;;;;;;
13;30;711;9;Estados Unidos;;;;;;;;;
13;38;1375;11;Estados Unidos;;;;;;;;;
13;46;528;3;Estados Unidos;;;;;;;;;
13;39;960;8;Estados Unidos;;;;;;;;;
13;30;1380;15;Estados Unidos;;;;;;;;;
13;42;2171;13;Estados Unidos;;;;;;;;;
13;17;204;3;Estados Unidos;;;;;;;;;
13;52;2790;18;Estados Unidos;;;;;;;;;
1;47;1064;8;Estados Unidos;;;;;;;;;
1;24;1045;11;España;;;;;;;;;
1;24;846;9;España;;;;;;;;;
1;18;680;10;Resto del Mundo;;;;;;;;;
1;20;592;8;Resto del Mundo;;;;;;;;;
1;57;1146;6;Estados Unidos;;;;;;;;;
1;16;441;7;Resto del Mundo;;;;;;;;;
1;15;153;3;Resto del Mundo;;;;;;;;;
1;51;1716;11;Estados Unidos;;;;;;;;;
1;33;644;7;Estados Unidos;;;;;;;;;
1;65;965;5;Estados Unidos;;;;;;;;;
1;34;192;2;Estados Unidos;;;;;;;;;
1;40;214;2;Estados Unidos;;;;;;;;;
1;60;2123;11;Estados Unidos;;;;;;;;;
1;13;122;2;Resto del Mundo;;;;;;;;;
1;56;1002;6;Estados Unidos;;;;;;;;;
1;19;171;3;Resto del Mundo;;;;;;;;;
1;14;1121;19;Estados Unidos;;;;;;;;;
1;36;905;5;España;;;;;;;;;
1;35;1416;8;España;;;;;;;;;
2;41;790;5;España;;;;;;;;;
2;69;3152;16;Estados Unidos;;;;;;;;;
2;41;1551;11;España;;;;;;;;;
2;48;1408;8;Estados Unidos;;;;;;;;;
2;37;1742;13;España;;;;;;;;;
2;21;198;3;Resto del Mundo;;;;;;;;;
2;22;416;4;Estados Unidos;;;;;;;;;
2;34;1032;6;España;;;;;;;;;
2;23;890;10;España;;;;;;;;;
2;19;820;10;España;;;;;;;;;
2;42;616;4;Estados Unidos;;;;;;;;;
2;52;2160;12;Estados Unidos;;;;;;;;;
2;30;285;3;Estados Unidos;;;;;;;;;
2;51;510;3;Estados Unidos;;;;;;;;;
2;53;1368;8;Estados Unidos;;;;;;;;;
2;71;3572;19;Estados Unidos;;;;;;;;;
2;48;3040;16;Estados Unidos;;;;;;;;;
2;20;864;12;España;;;;;;;;;
2;45;1512;8;Estados Unidos;;;;;;;;;
2;21;330;5;Resto del Mundo;;;;;;;;;
3;25;1000;10;España;;;;;;;;;
3;72;382;2;Estados Unidos;;;;;;;;;
3;51;1120;8;Estados Unidos;;;;;;;;;
3;17;265;5;Resto del Mundo;;;;;;;;;
3;34;1224;12;España;;;;;;;;;
3;53;1020;6;Estados Unidos;;;;;;;;;
3;45;972;6;Estados Unidos;;;;;;;;;
3;71;1701;9;Estados Unidos;;;;;;;;;
3;70;1791;9;Estados Unidos;;;;;;;;;
3;62;990;5;Estados Unidos;;;;;;;;;
3;37;903;7;España;;;;;;;;;
3;59;1810;10;Estados Unidos;;;;;;;;;
3;19;252;4;Resto del Mundo;;;;;;;;;
3;47;1736;14;Alemania;;;;;;;;;
3;22;624;6;Estados Unidos;;;;;;;;;
3;49;1632;12;Alemania;;;;;;;;;
3;32;1552;16;Alemania;;;;;;;;;
3;52;760;4;Estados Unidos;;;;;;;;;
3;47;2567;17;Estados Unidos;;;;;;;;;
3;41;820;5;España;;;;;;;;;
4;17;938;14;España;;;;;;;;;
4;57;936;6;Estados Unidos;;;;;;;;;
4;63;3553;19;Estados Unidos;;;;;;;;;
4;47;1064;8;Estados Unidos;;;;;;;;;
4;41;780;5;España;;;;;;;;;
4;20;180;2;Resto del Mundo;;;;;;;;;
4;56;2046;11;Estados Unidos;;;;;;;;;
4;29;1617;11;España;;;;;;;;;
4;27;1888;16;Francia;;;;;;;;;
4;34;456;4;Estados Unidos;;;;;;;;;
4;47;628;4;Estados Unidos;;;;;;;;;
4;35;500;5;Estados Unidos;;;;;;;;;
4;45;380;2;Estados Unidos;;;;;;;;;
4;41;648;6;Estados Unidos;;;;;;;;;
4;47;2068;11;Francia;;;;;;;;;
4;44;2024;11;Francia;;;;;;;;;
4;67;3366;17;Estados Unidos;;;;;;;;;
4;30;869;11;España;;;;;;;;;
4;21;1144;11;España;;;;;;;;;
4;15;112;2;Resto del Mundo;;;;;;;;;
5;60;1440;9;Estados Unidos;;;;;;;;;
5;45;1845;15;Francia;;;;;;;;;
5;26;1066;13;España;;;;;;;;;
5;63;3196;17;Estados Unidos;;;;;;;;;
5;39;1088;8;España;;;;;;;;;
5;51;1793;11;Francia;;;;;;;;;
5;26;520;5;Estados Unidos;;;;;;;;;
5;34;2064;12;España;;;;;;;;;
5;34;1287;9;España;;;;;;;;;
5;37;1140;10;España;;;;;;;;;
5;27;780;10;España;;;;;;;;;
5;22;814;11;España;;;;;;;;;
5;40;1068;6;España;;;;;;;;;
5;47;170;1;Estados Unidos;;;;;;;;;
5;32;464;4;Estados Unidos;;;;;;;;;
5;47;330;2;Estados Unidos;;;;;;;;;
5;41;1296;12;España;;;;;;;;;
5;32;1176;12;España;;;;;;;;;
5;22;704;11;España;;;;;;;;;
5;18;1408;16;Estados Unidos;;;;;;;;;
6;22;623;7;Estados Unidos;;;;;;;;;
6;24;968;8;España;;;;;;;;;
6;45;1204;7;Estados Unidos;;;;;;;;;
6;43;2368;16;Francia;;;;;;;;;
6;30;1833;13;España;;;;;;;;;
6;31;1056;8;España;;;;;;;;;
6;46;384;3;Estados Unidos;;;;;;;;;
6;27;122;1;Estados Unidos;;;;;;;;;
6;35;960;8;España;;;;;;;;;
6;37;1755;13;España;;;;;;;;;
6;21;1164;12;España;;;;;;;;;
6;23;318;3;Estados Unidos;;;;;;;;;
6;13;855;15;Resto del Mundo;;;;;;;;;
6;44;2134;11;Francia;;;;;;;;;
6;30;1836;17;Francia;;;;;;;;;
6;24;425;5;Estados Unidos;;;;;;;;;
6;52;1330;7;Estados Unidos;;;;;;;;;
6;13;60;1;Resto del Mundo;;;;;;;;;
6;19;836;11;España;;;;;;;;;
6;36;1089;11;España;;;;;;;;;
7;50;990;5;Estados Unidos;;;;;;;;;
7;49;185;1;Estados Unidos;;;;;;;;;
7;61;2068;11;Estados Unidos;;;;;;;;;
7;37;1192;8;España;;;;;;;;;
7;14;936;13;España;;;;;;;;;
7;64;1026;6;Estados Unidos;;;;;;;;;
7;19;425;5;Resto del Mundo;;;;;;;;;
7;52;3094;17;Francia;;;;;;;;;
7;47;1680;12;Francia;;;;;;;;;
7;25;237;3;Estados Unidos;;;;;;;;;
7;18;438;6;Resto del Mundo;;;;;;;;;
7;23;300;5;Estados Unidos;;;;;;;;;
7;14;627;11;Resto del Mundo;;;;;;;;;
7;39;2960;16;Francia;;;;;;;;;
7;45;1500;10;Francia;;;;;;;;;
7;34;1428;12;España;;;;;;;;;
7;43;1630;10;España;;;;;;;;;
7;31;980;10;España;;;;;;;;;
7;38;580;4;Estados Unidos;;;;;;;;;
7;30;444;3;Estados Unidos;;;;;;;;;
8;29;432;3;Estados Unidos;;;;;;;;;
8;46;1370;10;Francia;;;;;;;;;
8;40;1885;13;España;;;;;;;;;
8;21;540;6;Estados Unidos;;;;;;;;;
8;13;784;14;España;;;;;;;;;
8;10;728;14;España;;;;;;;;;
8;26;1464;12;España;;;;;;;;;
8;45;822;6;Estados Unidos;;;;;;;;;
8;18;455;7;Estados Unidos;;;;;;;;;
8;20;630;7;Estados Unidos;;;;;;;;;
8;24;610;5;Estados Unidos;;;;;;;;;
8;34;1179;9;España;;;;;;;;;
8;42;912;6;España;;;;;;;;;
8;54;1568;8;Estados Unidos;;;;;;;;;
8;45;948;6;Estados Unidos;;;;;;;;;
8;35;721;7;España;;;;;;;;;
8;47;591;3;Estados Unidos;;;;;;;;;
8;40;2091;17;Francia;;;;;;;;;
8;26;730;10;España;;;;;;;;;
8;38;1152;8;España;;;;;;;;;
9;34;2268;14;España;;;;;;;;;
9;32;963;9;España;;;;;;;;;
9;25;198;2;Estados Unidos;;;;;;;;;
9;43;2210;13;España;;;;;;;;;
9;30;1560;13;España;;;;;;;;;
9;22;585;9;Estados Unidos;;;;;;;;;
9;59;2470;13;Estados Unidos;;;;;;;;;
9;30;412;4;Estados Unidos;;;;;;;;;
9;41;1310;10;España;;;;;;;;;
9;41;972;6;España;;;;;;;;;
9;17;741;13;España;;;;;;;;;
9;23;468;6;Estados Unidos;;;;;;;;;
9;47;1705;11;Francia;;;;;;;;;
9;35;1141;7;España;;;;;;;;;
9;50;2945;19;Estados Unidos;;;;;;;;;
9;36;684;6;España;;;;;;;;;
9;50;1448;8;Estados Unidos;;;;;;;;;
9;41;3088;16;Francia;;;;;;;;;
9;43;1134;7;España;;;;;;;;;
9;56;1639;11;Estados Unidos;;;;;;;;;
10;13;715;11;España;;;;;;;;;
10;45;1008;7;Estados Unidos;;;;;;;;;
10;18;1224;18;Estados Unidos;;;;;;;;;
10;55;1700;10;Estados Unidos;;;;;;;;;
10;38;756;6;España;;;;;;;;;
10;40;1216;8;España;;;;;;;;;
10;27;438;6;Estados Unidos;;;;;;;;;
10;40;477;3;Estados Unidos;;;;;;;;;
10;21;510;6;Estados Unidos;;;;;;;;;
10;39;1215;9;España;;;;;;;;;
10;29;1008;7;España;;;;;;;;;
10;23;525;7;Estados Unidos;;;;;;;;;
10;44;393;3;Estados Unidos;;;;;;;;;
10;44;1048;8;Estados Unidos;;;;;;;;;
10;37;856;8;España;;;;;;;;;
10;66;2464;14;Estados Unidos;;;;;;;;;
10;20;630;9;Estados Unidos;;;;;;;;;
10;28;1792;16;Francia;;;;;;;;;
10;45;1210;10;Francia;;;;;;;;;
10;15;583;11;Estados Unidos;;;;;;;;;
11;63;1512;9;Estados Unidos;;;;;;;;;
11;37;1353;11;Estados Unidos;;;;;;;;;
11;65;1400;7;Estados Unidos;;;;;;;;;
11;58;795;5;Estados Unidos;;;;;;;;;
11;30;721;7;Estados Unidos;;;;;;;;;
11;40;845;5;Estados Unidos;;;;;;;;;
11;75;1200;6;Estados Unidos;;;;;;;;;
11;54;2880;16;Estados Unidos;;;;;;;;;
11;15;1024;16;Estados Unidos;;;;;;;;;
11;37;1853;17;Estados Unidos;;;;;;;;;
11;65;600;3;Estados Unidos;;;;;;;;;
11;18;979;11;Estados Unidos;;;;;;;;;
11;37;1204;7;Estados Unidos;;;;;;;;;
11;21;1350;15;Estados Unidos;;;;;;;;;
11;59;2016;12;Estados Unidos;;;;;;;;;
11;37;868;7;Estados Unidos;;;;;;;;;
11;54;2295;15;Estados Unidos;;;;;;;;;
11;39;1332;12;Estados Unidos;;;;;;;;;
11;29;400;5;Estados Unidos;;;;;;;;;
11;47;930;6;Estados Unidos;;;;;;;;;
12;21;582;6;Estados Unidos;;;;;;;;;
12;41;2002;11;Estados Unidos;;;;;;;;;
12;47;2364;12;Estados Unidos;;;;;;;;;
12;40;2772;14;Estados Unidos;;;;;;;;;
12;23;686;7;Estados Unidos;;;;;;;;;
12;23;1134;14;Estados Unidos;;;;;;;;;
12;29;1089;9;Estados Unidos;;;;;;;;;
12;21;558;9;Estados Unidos;;;;;;;;;
12;59;1225;7;Estados Unidos;;;;;;;;;
12;40;1495;13;Estados Unidos;;;;;;;;;
12;26;410;5;Estados Unidos;;;;;;;;;
12;44;3040;19;Estados Unidos;;;;;;;;;
12;53;1672;11;Estados Unidos;;;;;;;;;
12;22;1545;15;Estados Unidos;;;;;;;;;
12;53;1420;10;Estados Unidos;;;;;;;;;
12;47;1460;10;Estados Unidos;;;;;;;;;
12;70;744;4;Estados Unidos;;;;;;;;;
12;22;1118;13;Estados Unidos;;;;;;;;;
12;10;663;13;Resto de Europa;;;;;;;;;
12;32;272;2;Estados Unidos;;;;;;;;;
13;30;570;6;Estados Unidos;;;;;;;;;
13;49;507;3;Estados Unidos;;;;;;;;;
13;34;248;2;Estados Unidos;;;;;;;;;
13;31;1442;14;Estados Unidos;;;;;;;;;
13;32;1870;17;Estados Unidos;;;;;;;;;
13;54;1920;12;Estados Unidos;;;;;;;;;
13;23;702;6;Estados Unidos;;;;;;;;;
13;33;679;7;Estados Unidos;;;;;;;;;
13;57;1188;6;Estados Unidos;;;;;;;;;
13;35;1251;9;Estados Unidos;;;;;;;;;
13;48;200;1;Estados Unidos;;;;;;;;;
13;13;510;10;Estados Unidos;;;;;;;;;
13;15;1309;17;Estados Unidos;;;;;;;;;
13;39;447;3;Estados Unidos;;;;;;;;;
13;19;588;7;Estados Unidos;;;;;;;;;
13;25;426;6;Estados Unidos;;;;;;;;;
13;22;1080;10;Estados Unidos;;;;;;;;;
13;44;1276;11;Estados Unidos;;;;;;;;;
13;74;792;4;Estados Unidos;;;;;;;;;
13;46;2184;13;Estados Unidos;;;;;;;;;
1;56;358;2;Estados Unidos;;;;;;;;;
1;52;1194;6;Estados Unidos;;;;;;;;;
1;30;1200;10;España;;;;;;;;;
1;30;588;7;Estados Unidos;;;;;;;;;
1;14;265;5;Resto del Mundo;;;;;;;;;
1;22;936;9;España;;;;;;;;;
1;25;231;3;Estados Unidos;;;;;;;;;
1;50;1071;7;Estados Unidos;;;;;;;;;
1;51;2565;15;Estados Unidos;;;;;;;;;
1;18;885;15;Resto del Mundo;;;;;;;;;
1;59;1970;10;Estados Unidos;;;;;;;;;
1;15;496;8;Resto del Mundo;;;;;;;;;
1;53;1606;11;Estados Unidos;;;;;;;;;
1;57;905;5;Estados Unidos;;;;;;;;;
1;23;690;6;España;;;;;;;;;
1;38;2346;17;Estados Unidos;;;;;;;;;
1;54;2672;16;Estados Unidos;;;;;;;;;
1;22;510;6;Estados Unidos;;;;;;;;;
1;14;568;8;Resto del Mundo;;;;;;;;;
1;42;1890;14;España;;;;;;;;;
2;55;2352;14;Estados Unidos;;;;;;;;;
2;13;350;7;Resto del Mundo;;;;;;;;;
2;50;1846;13;Estados Unidos;;;;;;;;;
2;33;1323;9;España;;;;;;;;;
2;44;985;5;Estados Unidos;;;;;;;;;
2;55;2628;18;Estados Unidos;;;;;;;;;
2;22;576;6;Estados Unidos;;;;;;;;;
2;34;1510;10;España;;;;;;;;;
2;37;570;5;Estados Unidos;;;;;;;;;
2;35;618;6;Estados Unidos;;;;;;;;;
2;25;528;8;Estados Unidos;;;;;;;;;
2;16;780;10;España;;;;;;;;;
2;27;288;4;Estados Unidos;;;;;;;;;
2;52;690;5;Estados Unidos;;;;;;;;;
2;73;2340;12;Estados Unidos;;;;;;;;;
2;47;1474;11;Estados Unidos;;;;;;;;;
2;28;944;8;España;;;;;;;;;
2;32;805;7;España;;;;;;;;;
2;15;120;2;Resto del Mundo;;;;;;;;;
2;21;1134;18;Resto del Mundo;;;;;;;;;
3;68;2057;11;Estados Unidos;;;;;;;;;
3;73;3120;16;Estados Unidos;;;;;;;;;
3;36;642;6;Estados Unidos;;;;;;;;;
3;34;1072;8;España;;;;;;;;;
3;34;2375;19;Estados Unidos;;;;;;;;;
3;16;306;6;Resto del Mundo;;;;;;;;;
3;28;609;7;Estados Unidos;;;;;;;;;
3;60;800;5;Estados Unidos;;;;;;;;;
3;60;1920;10;Estados Unidos;;;;;;;;;
3;21;114;2;Resto del Mundo;;;;;;;;;
3;59;1014;6;Estados Unidos;;;;;;;;;
3;49;1316;7;Estados Unidos;;;;;;;;;
3;44;1170;10;Alemania;;;;;;;;;
3;42;555;3;Estados Unidos;;;;;;;;;
3;39;1846;13;España;;;;;;;;;
3;26;1442;14;España;;;;;;;;;
3;10;450;9;Resto de América;;;;;;;;;
3;63;1253;7;Estados Unidos;;;;;;;;;
3;70;193;1;Estados Unidos;;;;;;;;;
3;35;1353;11;España;;;;;;;;;
4;24;360;3;Estados Unidos;;;;;;;;;
4;21;290;5;Resto del Mundo;;;;;;;;;
4;53;1146;6;Estados Unidos;;;;;;;;;
4;47;1440;10;Francia;;;;;;;;;
4;29;1008;12;España;;;;;;;;;
4;21;438;6;Resto del Mundo;;;;;;;;;
4;25;390;5;Estados Unidos;;;;;;;;;
4;20;552;8;Resto del Mundo;;;;;;;;;
4;36;1350;9;España;;;;;;;;;
4;23;690;10;España;;;;;;;;;
4;18;590;10;Resto del Mundo;;;;;;;;;
4;44;1320;11;Francia;;;;;;;;;
4;37;2392;13;España;;;;;;;;;
4;18;486;9;Resto del Mundo;;;;;;;;;
4;30;1848;14;España;;;;;;;;;
4;58;3128;17;Estados Unidos;;;;;;;;;
4;50;2004;12;Francia;;;;;;;;;
4;43;3000;15;Francia;;;;;;;;;
4;14;224;4;Resto del Mundo;;;;;;;;;
4;58;1288;8;Estados Unidos;;;;;;;;;
5;26;1610;14;España;;;;;;;;;
5;45;1248;8;Estados Unidos;;;;;;;;;
5;22;81;1;Estados Unidos;;;;;;;;;
5;34;744;8;España;;;;;;;;;
5;41;1350;10;España;;;;;;;;;
5;23;540;5;Estados Unidos;;;;;;;;;
5;47;1260;9;Estados Unidos;;;;;;;;;
5;37;1989;17;Francia;;;;;;;;;
5;32;1431;9;España;;;;;;;;;
5;48;2448;16;Francia;;;;;;;;;
5;26;1729;19;Estados Unidos;;;;;;;;;
5;25;408;6;Estados Unidos;;;;;;;;;
5;37;2112;12;España;;;;;;;;;
5;57;326;2;Estados Unidos;;;;;;;;;
5;42;387;3;Estados Unidos;;;;;;;;;
5;30;1130;10;España;;;;;;;;;
5;25;1391;13;España;;;;;;;;;
5;51;2052;12;Francia;;;;;;;;;
5;58;924;6;Estados Unidos;;;;;;;;;
5;39;1400;10;España;;;;;;;;;
6;42;1770;10;España;;;;;;;;;
6;28;1518;11;España;;;;;;;;;
6;41;660;6;Estados Unidos;;;;;;;;;
6;40;1611;9;España;;;;;;;;;
6;40;2448;16;Francia;;;;;;;;;
6;40;1272;12;España;;;;;;;;;
6;41;775;5;España;;;;;;;;;
6;31;1464;12;España;;;;;;;;;
6;11;750;15;Resto del Mundo;;;;;;;;;
6;29;1034;11;España;;;;;;;;;
6;22;832;13;España;;;;;;;;;
6;42;1722;14;España;;;;;;;;;
6;33;630;7;Estados Unidos;;;;;;;;;
6;22;476;7;Estados Unidos;;;;;;;;;
6;36;795;5;España;;;;;;;;;
6;34;1090;10;España;;;;;;;;;
6;28;252;3;Estados Unidos;;;;;;;;;
6;56;1980;12;Estados Unidos;;;;;;;;;
6;38;760;4;España;;;;;;;;;
6;27;304;4;Estados Unidos;;;;;;;;;
7;21;352;4;Resto del Mundo;;;;;;;;;
7;26;684;6;España;;;;;;;;;
7;34;872;8;España;;;;;;;;;
7;16;350;5;Resto del Mundo;;;;;;;;;
7;21;665;7;Resto del Mundo;;;;;;;;;
7;23;760;8;España;;;;;;;;;
7;49;985;5;Estados Unidos;;;;;;;;;
7;57;1392;8;Estados Unidos;;;;;;;;;
7;15;512;8;Resto del Mundo;;;;;;;;;
7;38;1140;10;España;;;;;;;;;
7;27;1340;10;España;;;;;;;;;
7;53;2024;11;Francia;;;;;;;;;
7;14;682;11;Resto del Mundo;;;;;;;;;
7;32;1128;12;España;;;;;;;;;
7;63;1496;8;Estados Unidos;;;;;;;;;
7;35;978;6;España;;;;;;;;;
7;18;672;12;Resto del Mundo;;;;;;;;;
7;64;1700;10;Estados Unidos;;;;;;;;;
7;47;1341;9;Estados Unidos;;;;;;;;;
7;47;3420;20;Estados Unidos;;;;;;;;;
8;27;1512;14;España;;;;;;;;;
8;54;1755;9;Estados Unidos;;;;;;;;;
8;21;1001;13;España;;;;;;;;;
8;48;1632;12;Francia;;;;;;;;;
8;29;940;10;España;;;;;;;;;
8;55;525;3;Estados Unidos;;;;;;;;;
8;17;285;5;Estados Unidos;;;;;;;;;
8;23;1820;20;Estados Unidos;;;;;;;;;
8;23;585;5;Estados Unidos;;;;;;;;;
8;16;820;10;España;;;;;;;;;
8;22;640;10;Estados Unidos;;;;;;;;;
8;17;420;5;Estados Unidos;;;;;;;;;
8;44;2067;13;Francia;;;;;;;;;
8;53;810;5;Estados Unidos;;;;;;;;;
8;57;810;5;Estados Unidos;;;;;;;;;
8;41;990;6;España;;;;;;;;;
8;40;1364;11;España;;;;;;;;;
8;16;936;12;España;;;;;;;;;
8;29;920;10;España;;;;;;;;;
8;59;1044;6;Estados Unidos;;;;;;;;;
9;43;1353;11;España;;;;;;;;;
9;53;2625;15;Francia;;;;;;;;;
9;35;540;4;Estados Unidos;;;;;;;;;
9;35;1120;8;España;;;;;;;;;
9;12;413;7;Estados Unidos;;;;;;;;;
9;75;2587;13;Estados Unidos;;;;;;;;;
9;42;1729;13;España;;;;;;;;;
9;34;1100;11;España;;;;;;;;;
9;42;1200;10;España;;;;;;;;;
9;19;1106;14;España;;;;;;;;;
9;61;2088;12;Estados Unidos;;;;;;;;;
9;29;1023;11;España;;;;;;;;;
9;34;1272;12;España;;;;;;;;;
9;44;750;6;Estados Unidos;;;;;;;;;
9;29;553;7;Estados Unidos;;;;;;;;;
9;72;792;4;Estados Unidos;;;;;;;;;
9;30;672;7;Estados Unidos;;;;;;;;;
9;24;425;5;Estados Unidos;;;;;;;;;
9;26;736;8;España;;;;;;;;;
9;34;940;10;España;;;;;;;;;
10;19;450;9;Estados Unidos;;;;;;;;;
10;37;520;4;Estados Unidos;;;;;;;;;
10;26;1179;9;España;;;;;;;;;
10;72;1980;10;Estados Unidos;;;;;;;;;
10;30;232;2;Estados Unidos;;;;;;;;;
10;53;1940;10;Francia;;;;;;;;;
10;39;2272;16;Francia;;;;;;;;;
10;54;594;3;Estados Unidos;;;;;;;;;
10;57;1592;8;Estados Unidos;;;;;;;;;
10;41;348;3;Estados Unidos;;;;;;;;;
10;34;1188;11;España;;;;;;;;;
10;50;990;6;Estados Unidos;;;;;;;;;
10;23;1152;16;Francia;;;;;;;;;
10;66;2172;12;Estados Unidos;;;;;;;;;
10;27;912;8;España;;;;;;;;;
10;41;2754;17;Francia;;;;;;;;;
10;23;1335;15;Francia;;;;;;;;;
10;69;2674;14;Estados Unidos;;;;;;;;;
10;49;790;5;Estados Unidos;;;;;;;;;
10;23;364;4;Estados Unidos;;;;;;;;;
11;46;970;5;Estados Unidos;;;;;;;;;
11;34;1210;11;Estados Unidos;;;;;;;;;
11;51;1963;13;Estados Unidos;;;;;;;;;
11;58;155;1;Estados Unidos;;;;;;;;;
11;17;1280;16;Estados Unidos;;;;;;;;;
11;52;2415;15;Estados Unidos;;;;;;;;;
11;35;1386;9;Estados Unidos;;;;;;;;;
11;60;1650;10;Estados Unidos;;;;;;;;;
11;26;847;11;Estados Unidos;;;;;;;;;
11;14;295;5;Estados Unidos;;;;;;;;;
11;31;1008;9;Estados Unidos;;;;;;;;;
11;22;195;3;Estados Unidos;;;;;;;;;
11;29;635;5;Estados Unidos;;;;;;;;;
11;17;371;7;Estados Unidos;;;;;;;;;
11;22;891;9;Estados Unidos;;;;;;;;;
11;15;550;11;Estados Unidos;;;;;;;;;
11;34;720;8;Estados Unidos;;;;;;;;;
11;20;560;10;Estados Unidos;;;;;;;;;
11;52;2896;16;Estados Unidos;;;;;;;;;
11;35;332;2;Estados Unidos;;;;;;;;;
12;25;902;11;Estados Unidos;;;;;;;;;
12;43;750;5;Estados Unidos;;;;;;;;;
12;53;912;6;Estados Unidos;;;;;;;;;
12;20;994;14;Estados Unidos;;;;;;;;;
12;28;581;7;Estados Unidos;;;;;;;;;
12;43;1140;10;Estados Unidos;;;;;;;;;
12;34;298;2;Estados Unidos;;;;;;;;;
12;42;1573;13;Estados Unidos;;;;;;;;;
12;56;805;5;Estados Unidos;;;;;;;;;
12;59;1620;10;Estados Unidos;;;;;;;;;
12;12;177;3;Estados Unidos;;;;;;;;;
12;21;528;8;Estados Unidos;;;;;;;;;
12;40;1488;12;Estados Unidos;;;;;;;;;
12;32;847;7;Estados Unidos;;;;;;;;;
12;16;570;10;Estados Unidos;;;;;;;;;
12;13;402;6;Estados Unidos;;;;;;;;;
12;11;600;12;Estados Unidos;;;;;;;;;
12;47;1251;9;Estados Unidos;;;;;;;;;
12;46;3154;19;Estados Unidos;;;;;;;;;
12;20;852;12;Estados Unidos;;;;;;;;;
13;32;1134;7;Estados Unidos;;;;;;;;;
13;36;1015;7;Estados Unidos;;;;;;;;;
13;57;163;1;Estados Unidos;;;;;;;;;
13;19;495;9;Estados Unidos;;;;;;;;;
13;35;1134;9;Estados Unidos;;;;;;;;;
13;25;1722;14;Estados Unidos;;;;;;;;;
13;27;1224;17;Estados Unidos;;;;;;;;;
13;47;1738;11;Estados Unidos;;;;;;;;;
13;54;805;5;Estados Unidos;;;;;;;;;
13;38;1048;8;Estados Unidos;;;;;;;;;
13;12;300;5;Estados Unidos;;;;;;;;;
13;39;2057;17;Estados Unidos;;;;;;;;;
13;35;2975;17;Estados Unidos;;;;;;;;;
13;24;738;9;Estados Unidos;;;;;;;;;
13;55;1416;8;Estados Unidos;;;;;;;;;
13;29;582;6;Estados Unidos;;;;;;;;;
13;48;2464;16;Estados Unidos;;;;;;;;;
13;23;975;13;Estados Unidos;;;;;;;;;
13;29;2499;17;Estados Unidos;;;;;;;;;
13;37;714;6;Estados Unidos;;;;;;;;;
1;22;816;12;España;;;;;;;;;
1;59;2496;16;Estados Unidos;;;;;;;;;
1;17;592;8;Resto del Mundo;;;;;;;;;
1;41;1680;15;Estados Unidos;;;;;;;;;
1;47;560;4;Estados Unidos;;;;;;;;;
1;25;616;8;Estados Unidos;;;;;;;;;
1;15;714;14;España;;;;;;;;;
1;36;725;5;España;;;;;;;;;
1;22;176;2;Estados Unidos;;;;;;;;;
1;14;550;10;Resto del Mundo;;;;;;;;;
1;64;378;2;Estados Unidos;;;;;;;;;
1;52;2236;13;Estados Unidos;;;;;;;;;
1;50;1320;10;Estados Unidos;;;;;;;;;
1;19;335;5;Resto del Mundo;;;;;;;;;
1;58;930;6;Estados Unidos;;;;;;;;;
1;29;1015;7;España;;;;;;;;;
1;58;1309;7;Estados Unidos;;;;;;;;;
1;47;648;4;Estados Unidos;;;;;;;;;
1;63;895;5;Estados Unidos;;;;;;;;;
1;39;1120;10;España;;;;;;;;;
2;43;1260;10;España;;;;;;;;;
2;52;1694;11;Estados Unidos;;;;;;;;;
2;12;754;13;España;;;;;;;;;
2;33;1764;12;España;;;;;;;;;
2;41;763;7;España;;;;;;;;;
2;33;822;6;España;;;;;;;;;
2;19;1037;17;Resto del Mundo;;;;;;;;;
2;38;984;8;España;;;;;;;;;
2;34;840;5;España;;;;;;;;;
2;20;416;8;Resto del Mundo;;;;;;;;;
2;25;630;9;Estados Unidos;;;;;;;;;
2;24;1683;17;Estados Unidos;;;;;;;;;
2;18;588;7;Resto del Mundo;;;;;;;;;
2;41;3458;19;Estados Unidos;;;;;;;;;
2;44;1672;11;Estados Unidos;;;;;;;;;
2;23;390;5;Estados Unidos;;;;;;;;;
2;26;432;4;Estados Unidos;;;;;;;;;
2;33;2184;14;España;;;;;;;;;
2;58;805;5;Estados Unidos;;;;;;;;;
2;20;1564;17;Estados Unidos;;;;;;;;;
3;29;1164;12;España;;;;;;;;;
3;67;1710;9;Estados Unidos;;;;;;;;;
3;48;1846;13;Estados Unidos;;;;;;;;;
3;33;1837;11;España;;;;;;;;;
3;65;1592;8;Estados Unidos;;;;;;;;;
3;18;880;16;Resto del Mundo;;;;;;;;;
3;69;920;5;Estados Unidos;;;;;;;;;
3;39;1080;9;España;;;;;;;;;
3;33;1029;7;España;;;;;;;;;
3;29;1032;12;España;;;;;;;;;
3;39;670;5;Estados Unidos;;;;;;;;;
3;31;2325;15;Estados Unidos;;;;;;;;;
3;16;994;14;España;;;;;;;;;
3;25;1778;14;España;;;;;;;;;
3;26;1350;15;Alemania;;;;;;;;;
3;13;756;12;España;;;;;;;;;
3;35;1391;13;España;;;;;;;;;
3;16;250;5;Resto del Mundo;;;;;;;;;
3;53;2352;14;Estados Unidos;;;;;;;;;
3;58;1120;7;Estados Unidos;;;;;;;;;
4;48;800;4;Estados Unidos;;;;;;;;;
4;23;460;5;Estados Unidos;;;;;;;;;
4;38;2067;13;España;;;;;;;;;
4;51;1248;8;Estados Unidos;;;;;;;;;
4;30;447;3;Estados Unidos;;;;;;;;;
4;37;990;9;España;;;;;;;;;
4;49;3078;19;Estados Unidos;;;;;;;;;
4;45;1728;12;Francia;;;;;;;;;
4;11;798;14;España;;;;;;;;;
4;34;160;1;Estados Unidos;;;;;;;;;
4;21;684;9;España;;;;;;;;;
4;60;3009;17;Estados Unidos;;;;;;;;;
4;16;756;14;España;;;;;;;;;
4;32;1551;11;España;;;;;;;;;
4;29;585;5;Estados Unidos;;;;;;;;;
4;40;1512;8;España;;;;;;;;;
4;70;3667;19;Estados Unidos;;;;;;;;;
4;22;1472;16;Francia;;;;;;;;;
4;39;372;3;Estados Unidos;;;;;;;;;
4;18;590;10;Resto del Mundo;;;;;;;;;
5;49;1790;10;Francia;;;;;;;;;
5;48;805;5;Estados Unidos;;;;;;;;;
5;11;357;7;Resto del Mundo;;;;;;;;;
5;66;756;4;Estados Unidos;;;;;;;;;
5;29;567;7;Estados Unidos;;;;;;;;;
5;34;900;6;España;;;;;;;;;
5;21;444;6;Resto del Mundo;;;;;;;;;
5;34;1078;11;España;;;;;;;;;
5;47;2720;16;Francia;;;;;;;;;
5;54;900;5;Estados Unidos;;;;;;;;;
5;18;616;11;Resto del Mundo;;;;;;;;;
5;21;630;9;Resto del Mundo;;;;;;;;;
5;47;1305;9;Estados Unidos;;;;;;;;;
5;21;693;9;España;;;;;;;;;
5;35;1596;12;España;;;;;;;;;
5;22;536;8;Estados Unidos;;;;;;;;;
5;63;186;1;Estados Unidos;;;;;;;;;
5;14;585;9;Resto del Mundo;;;;;;;;;
5;31;1222;13;España;;;;;;;;;
5;60;2380;14;Estados Unidos;;;;;;;;;
6;43;1496;11;España;;;;;;;;;
6;29;1391;13;España;;;;;;;;;
6;26;1089;11;España;;;;;;;;;
6;18;1496;17;Estados Unidos;;;;;;;;;
6;13;378;6;Resto del Mundo;;;;;;;;;
6;34;1368;8;España;;;;;;;;;
6;43;568;4;Estados Unidos;;;;;;;;;
6;39;2142;17;Francia;;;;;;;;;
6;26;1210;11;España;;;;;;;;;
6;20;819;9;España;;;;;;;;;
6;36;1320;11;España;;;;;;;;;
6;24;532;7;Estados Unidos;;;;;;;;;
6;25;763;7;España;;;;;;;;;
6;37;1570;10;España;;;;;;;;;
6;20;1012;11;España;;;;;;;;;
6;46;1638;9;Estados Unidos;;;;;;;;;
6;27;395;5;Estados Unidos;;;;;;;;;
6;18;567;9;Resto del Mundo;;;;;;;;;
6;41;1944;12;España;;;;;;;;;
6;35;2044;14;España;;;;;;;;;
7;69;3700;20;Estados Unidos;;;;;;;;;
7;36;2016;14;España;;;;;;;;;
7;71;1504;8;Estados Unidos;;;;;;;;;
7;66;945;5;Estados Unidos;;;;;;;;;
7;18;1104;12;España;;;;;;;;;
7;25;335;5;Estados Unidos;;;;;;;;;
7;34;1032;8;España;;;;;;;;;
7;29;1794;13;España;;;;;;;;;
7;25;1309;17;Francia;;;;;;;;;
7;29;950;10;España;;;;;;;;;
7;33;927;9;España;;;;;;;;;
7;21;560;7;Resto del Mundo;;;;;;;;;
7;23;1207;17;Francia;;;;;;;;;
7;56;1628;11;Estados Unidos;;;;;;;;;
7;14;780;15;Resto del Mundo;;;;;;;;;
7;34;1408;11;España;;;;;;;;;
7;44;524;4;Estados Unidos;;;;;;;;;
7;59;1764;9;Estados Unidos;;;;;;;;;
7;32;2086;14;España;;;;;;;;;
7;30;850;10;España;;;;;;;;;
8;58;1557;9;Estados Unidos;;;;;;;;;
8;37;107;1;Estados Unidos;;;;;;;;;
8;20;260;4;Estados Unidos;;;;;;;;;
8;45;1862;14;Francia;;;;;;;;;
8;45;900;5;Estados Unidos;;;;;;;;;
8;20;475;5;Estados Unidos;;;;;;;;;
8;39;1256;8;España;;;;;;;;;
8;43;805;7;España;;;;;;;;;
8;34;1368;12;España;;;;;;;;;
8;33;489;3;Estados Unidos;;;;;;;;;
8;55;730;5;Estados Unidos;;;;;;;;;
8;62;1320;8;Estados Unidos;;;;;;;;;
8;40;1143;9;España;;;;;;;;;
8;34;1677;13;España;;;;;;;;;
8;42;1120;7;España;;;;;;;;;
8;26;108;1;Estados Unidos;;;;;;;;;
8;40;1617;11;España;;;;;;;;;
8;54;1650;10;Francia;;;;;;;;;
8;14;585;9;Estados Unidos;;;;;;;;;
8;48;2384;16;Francia;;;;;;;;;
9;40;1512;9;España;;;;;;;;;
9;17;240;4;Estados Unidos;;;;;;;;;
9;23;630;7;Estados Unidos;;;;;;;;;
9;23;528;6;Estados Unidos;;;;;;;;;
9;46;840;6;Estados Unidos;;;;;;;;;
9;38;306;3;Estados Unidos;;;;;;;;;
9;40;1408;11;España;;;;;;;;;
9;45;1736;14;Francia;;;;;;;;;
9;51;2220;12;Francia;;;;;;;;;
9;31;1744;16;Francia;;;;;;;;;
9;44;720;6;Estados Unidos;;;;;;;;;
9;54;1320;8;Estados Unidos;;;;;;;;;
9;62;1026;6;Estados Unidos;;;;;;;;;
9;42;1014;6;España;;;;;;;;;
9;18;938;14;España;;;;;;;;;
9;34;288;2;Estados Unidos;;;;;;;;;
9;14;759;11;España;;;;;;;;;
9;14;952;14;España;;;;;;;;;
9;32;1496;11;España;;;;;;;;;
9;41;780;5;España;;;;;;;;;
10;71;2632;14;Estados Unidos;;;;;;;;;
10;55;628;4;Estados Unidos;;;;;;;;;
10;12;224;4;Estados Unidos;;;;;;;;;
10;16;616;11;Estados Unidos;;;;;;;;;
10;28;226;2;Estados Unidos;;;;;;;;;
10;19;1462;17;Estados Unidos;;;;;;;;;
10;69;2364;12;Estados Unidos;;;;;;;;;
10;45;1092;7;Estados Unidos;;;;;;;;;
10;60;2580;15;Estados Unidos;;;;;;;;;
10;22;966;14;España;;;;;;;;;
10;59;1182;6;Estados Unidos;;;;;;;;;
10;35;555;5;Estados Unidos;;;;;;;;;
10;44;1040;8;Estados Unidos;;;;;;;;;
10;24;315;3;Estados Unidos;;;;;;;;;
10;36;1449;9;España;;;;;;;;;
10;37;992;8;España;;;;;;;;;
10;26;450;6;Estados Unidos;;;;;;;;;
10;40;2079;11;España;;;;;;;;;
10;52;2385;15;Francia;;;;;;;;;
10;63;1903;11;Estados Unidos;;;;;;;;;
11;42;2058;14;Estados Unidos;;;;;;;;;
11;26;71;1;Estados Unidos;;;;;;;;;
11;55;1830;10;Estados Unidos;;;;;;;;;
11;39;750;5;Estados Unidos;;;;;;;;;
11;51;584;4;Estados Unidos;;;;;;;;;
11;42;2388;12;Estados Unidos;;;;;;;;;
11;32;340;4;Estados Unidos;;;;;;;;;
11;32;470;5;Estados Unidos;;;;;;;;;
11;26;763;7;Estados Unidos;;;;;;;;;
11;23;1870;17;Estados Unidos;;;;;;;;;
11;27;904;8;Estados Unidos;;;;;;;;;
11;26;950;10;Estados Unidos;;;;;;;;;
11;31;560;5;Estados Unidos;;;;;;;;;
11;42;2822;17;Estados Unidos;;;;;;;;;
11;34;1078;11;Estados Unidos;;;;;;;;;
11;67;2304;12;Estados Unidos;;;;;;;;;
11;32;850;10;Estados Unidos;;;;;;;;;
11;12;676;13;Estados Unidos;;;;;;;;;
11;19;156;2;Estados Unidos;;;;;;;;;
11;36;1360;8;Estados Unidos;;;;;;;;;
12;20;1287;13;Estados Unidos;;;;;;;;;
12;22;504;6;Estados Unidos;;;;;;;;;
12;19;88;1;Estados Unidos;;;;;;;;;
12;63;1158;6;Estados Unidos;;;;;;;;;
12;14;180;3;Estados Unidos;;;;;;;;;
12;12;342;6;Estados Unidos;;;;;;;;;
12;32;1420;10;Estados Unidos;;;;;;;;;
12;31;534;6;Estados Unidos;;;;;;;;;
12;32;1500;10;Estados Unidos;;;;;;;;;
12;17;680;8;Estados Unidos;;;;;;;;;
12;44;1328;8;Estados Unidos;;;;;;;;;
12;18;400;5;Estados Unidos;;;;;;;;;
12;24;126;2;Estados Unidos;;;;;;;;;
12;35;1410;10;Estados Unidos;;;;;;;;;
12;21;310;5;Estados Unidos;;;;;;;;;
12;66;1820;10;Estados Unidos;;;;;;;;;
12;39;390;3;Estados Unidos;;;;;;;;;
12;46;1989;13;Estados Unidos;;;;;;;;;
12;37;2983;19;Estados Unidos;;;;;;;;;
12;38;2172;12;Estados Unidos;;;;;;;;;
13;74;980;5;Estados Unidos;;;;;;;;;
13;35;1476;9;Estados Unidos;;;;;;;;;
13;18;360;6;Estados Unidos;;;;;;;;;
13;45;1068;6;Estados Unidos;;;;;;;;;
13;57;1890;10;Estados Unidos;;;;;;;;;
13;30;882;7;Estados Unidos;;;;;;;;;
13;32;291;3;Estados Unidos;;;;;;;;;
13;47;1120;8;Estados Unidos;;;;;;;;;
13;55;1716;11;Estados Unidos;;;;;;;;;
13;48;1272;8;Estados Unidos;;;;;;;;;
13;43;2864;16;Estados Unidos;;;;;;;;;
13;26;1692;18;Estados Unidos;;;;;;;;;
13;32;440;5;Estados Unidos;;;;;;;;;
13;26;814;11;Estados Unidos;;;;;;;;;
13;35;540;5;Estados Unidos;;;;;;;;;
13;65;1665;9;Estados Unidos;;;;;;;;;
13;20;648;12;Estados Unidos;;;;;;;;;
13;57;652;4;Estados Unidos;;;;;;;;;
13;39;1552;8;Estados Unidos;;;;;;;;;
13;39;1544;8;Estados Unidos;;;;;;;;;
1;27;1176;12;España;;;;;;;;;
1;47;2136;12;Estados Unidos;;;;;;;;;
1;17;477;9;Resto del Mundo;;;;;;;;;
1;59;2256;12;Estados Unidos;;;;;;;;;
1;18;441;7;Resto del Mundo;;;;;;;;;
1;44;1773;9;Estados Unidos;;;;;;;;;
1;17;1044;12;España;;;;;;;;;
1;67;3162;17;Estados Unidos;;;;;;;;;
1;44;2784;16;Estados Unidos;;;;;;;;;
1;18;228;3;Resto del Mundo;;;;;;;;;
1;27;1078;14;España;;;;;;;;;
1;54;1573;11;Estados Unidos;;;;;;;;;
1;18;395;5;Resto del Mundo;;;;;;;;;
1;40;1309;11;España;;;;;;;;;
1;48;960;5;Estados Unidos;;;;;;;;;
1;43;2013;11;España;;;;;;;;;
1;65;2160;12;Estados Unidos;;;;;;;;;
1;14;255;5;Resto del Mundo;;;;;;;;;
1;17;1045;19;Estados Unidos;;;;;;;;;
1;45;1260;7;Estados Unidos;;;;;;;;;
2;41;2520;14;España;;;;;;;;;
2;49;1224;9;Estados Unidos;;;;;;;;;
2;25;212;2;Estados Unidos;;;;;;;;;
2;40;1360;8;España;;;;;;;;;
2;18;649;11;Resto del Mundo;;;;;;;;;
2;50;1980;12;Estados Unidos;;;;;;;;;
2;55;760;4;Estados Unidos;;;;;;;;;
2;19;174;3;Resto del Mundo;;;;;;;;;
2;44;2176;16;Estados Unidos;;;;;;;;;
2;45;895;5;Estados Unidos;;;;;;;;;
2;17;324;4;Resto del Mundo;;;;;;;;;
2;62;1910;10;Estados Unidos;;;;;;;;;
2;28;565;5;Estados Unidos;;;;;;;;;
2;34;852;6;España;;;;;;;;;
2;33;1002;6;España;;;;;;;;;
2;42;2278;17;Estados Unidos;;;;;;;;;
2;19;760;10;España;;;;;;;;;
2;30;1026;9;España;;;;;;;;;
2;64;880;5;Estados Unidos;;;;;;;;;
2;55;1728;9;Estados Unidos;;;;;;;;;
3;35;1956;12;España;;;;;;;;;
3;25;1116;9;España;;;;;;;;;
3;32;972;6;España;;;;;;;;;
3;55;1656;9;Estados Unidos;;;;;;;;;
3;14;300;6;Resto del Mundo;;;;;;;;;
3;48;2156;14;Estados Unidos;;;;;;;;;
3;27;1824;16;Estados Unidos;;;;;;;;;
3;47;1700;10;Alemania;;;;;;;;;
3;18;260;5;Resto del Mundo;;;;;;;;;
3;31;342;3;Estados Unidos;;;;;;;;;
3;41;2674;14;España;;;;;;;;;
3;25;248;2;Estados Unidos;;;;;;;;;
3;24;1442;14;España;;;;;;;;;
3;16;576;8;Resto del Mundo;;;;;;;;;
3;32;525;5;Estados Unidos;;;;;;;;;
3;39;2119;13;España;;;;;;;;;
3;40;714;6;España;;;;;;;;;
3;41;3294;18;Estados Unidos;;;;;;;;;
3;38;1701;9;España;;;;;;;;;
3;46;1056;6;Estados Unidos;;;;;;;;;
4;16;980;14;España;;;;;;;;;
4;48;2002;13;Francia;;;;;;;;;
4;43;399;3;Estados Unidos;;;;;;;;;
4;28;455;5;Estados Unidos;;;;;;;;;
4;16;918;17;Resto del Mundo;;;;;;;;;
4;22;497;7;Estados Unidos;;;;;;;;;
4;28;1008;12;España;;;;;;;;;
4;24;1411;17;Francia;;;;;;;;;
4;62;1344;7;Estados Unidos;;;;;;;;;
4;61;2057;11;Estados Unidos;;;;;;;;;
4;31;1700;17;Francia;;;;;;;;;
4;33;1056;12;España;;;;;;;;;
4;37;1660;10;España;;;;;;;;;
4;61;1944;12;Estados Unidos;;;;;;;;;
4;28;1584;18;Francia;;;;;;;;;
4;16;536;8;Resto del Mundo;;;;;;;;;
4;25;820;10;España;;;;;;;;;
4;34;357;3;Estados Unidos;;;;;;;;;
4;51;712;4;Estados Unidos;;;;;;;;;
4;24;828;9;España;;;;;;;;;
5;34;2329;17;Francia;;;;;;;;;
5;27;804;6;España;;;;;;;;;
5;59;1379;7;Estados Unidos;;;;;;;;;
5;23;672;7;Estados Unidos;;;;;;;;;
5;14;448;7;Resto del Mundo;;;;;;;;;
5;37;909;9;España;;;;;;;;;
5;34;435;3;Estados Unidos;;;;;;;;;
5;68;2716;14;Estados Unidos;;;;;;;;;
5;34;196;2;Estados Unidos;;;;;;;;;
5;36;2400;16;Francia;;;;;;;;;
5;20;584;8;Resto del Mundo;;;;;;;;;
5;37;620;5;Estados Unidos;;;;;;;;;
5;42;2655;15;Francia;;;;;;;;;
5;40;1320;10;España;;;;;;;;;
5;42;1736;14;España;;;;;;;;;
5;54;1085;7;Estados Unidos;;;;;;;;;
5;26;490;7;Estados Unidos;;;;;;;;;
5;14;260;5;Resto del Mundo;;;;;;;;;
5;56;2035;11;Estados Unidos;;;;;;;;;
5;18;408;8;Resto del Mundo;;;;;;;;;
6;38;1107;9;España;;;;;;;;;
6;45;1710;9;Estados Unidos;;;;;;;;;
6;42;1393;7;España;;;;;;;;;
6;28;710;5;España;;;;;;;;;
6;45;1144;8;Estados Unidos;;;;;;;;;
6;23;1204;14;España;;;;;;;;;
6;31;1125;9;España;;;;;;;;;
6;33;1452;11;España;;;;;;;;;
6;52;1903;11;Francia;;;;;;;;;
6;21;1050;14;España;;;;;;;;;
6;13;1121;19;Estados Unidos;;;;;;;;;
6;31;1036;7;España;;;;;;;;;
6;64;1760;10;Estados Unidos;;;;;;;;;
6;35;700;5;España;;;;;;;;;
6;43;635;5;Estados Unidos;;;;;;;;;
6;39;990;6;España;;;;;;;;;
6;33;1309;11;España;;;;;;;;;
6;58;1840;10;Estados Unidos;;;;;;;;;
6;19;1128;12;España;;;;;;;;;
6;40;1661;11;España;;;;;;;;;
7;51;1358;7;Estados Unidos;;;;;;;;;
7;23;252;4;Estados Unidos;;;;;;;;;
7;25;1288;14;España;;;;;;;;;
7;54;501;3;Estados Unidos;;;;;;;;;
7;39;1400;8;España;;;;;;;;;
7;20;1440;15;Estados Unidos;;;;;;;;;
7;20;666;9;Resto del Mundo;;;;;;;;;
7;48;1810;10;Francia;;;;;;;;;
7;63;1521;9;Estados Unidos;;;;;;;;;
7;16;546;7;Resto del Mundo;;;;;;;;;
7;29;837;9;España;;;;;;;;;
7;51;1080;8;Estados Unidos;;;;;;;;;
7;59;468;3;Estados Unidos;;;;;;;;;
7;46;1044;6;Estados Unidos;;;;;;;;;
7;44;845;5;Estados Unidos;;;;;;;;;
7;41;1376;8;España;;;;;;;;;
7;24;710;10;España;;;;;;;;;
7;41;2055;15;Francia;;;;;;;;;
7;50;3276;18;Francia;;;;;;;;;
7;54;2534;14;Francia;;;;;;;;;
8;41;858;6;España;;;;;;;;;
8;31;492;6;Estados Unidos;;;;;;;;;
8;35;2170;14;España;;;;;;;;;
8;26;380;5;Estados Unidos;;;;;;;;;
8;45;2340;15;Francia;;;;;;;;;
8;42;1504;8;España;;;;;;;;;
8;19;675;9;Estados Unidos;;;;;;;;;
8;53;2119;13;Francia;;;;;;;;;
8;44;1970;10;Francia;;;;;;;;;
8;33;936;9;España;;;;;;;;;
8;19;372;4;Estados Unidos;;;;;;;;;
8;52;1810;10;Francia;;;;;;;;;
8;40;1152;8;España;;;;;;;;;
8;29;520;5;Estados Unidos;;;;;;;;;
8;36;1056;8;España;;;;;;;;;
8;45;1950;13;Francia;;;;;;;;;
8;16;583;11;Estados Unidos;;;;;;;;;
8;34;600;4;Estados Unidos;;;;;;;;;
8;63;2145;11;Estados Unidos;;;;;;;;;
8;60;1850;10;Estados Unidos;;;;;;;;;
9;37;1141;7;España;;;;;;;;;
9;23;749;7;España;;;;;;;;;
9;20;896;16;Estados Unidos;;;;;;;;;
9;26;972;9;España;;;;;;;;;
9;39;2100;12;España;;;;;;;;;
9;48;544;4;Estados Unidos;;;;;;;;;
9;17;1242;18;Estados Unidos;;;;;;;;;
9;46;1365;7;Estados Unidos;;;;;;;;;
9;74;1182;6;Estados Unidos;;;;;;;;;
9;17;572;11;Estados Unidos;;;;;;;;;
9;26;981;9;España;;;;;;;;;
9;19;513;9;Estados Unidos;;;;;;;;;
9;26;1452;11;España;;;;;;;;;
9;31;595;7;Estados Unidos;;;;;;;;;
9;58;3186;18;Estados Unidos;;;;;;;;;
9;37;1640;10;España;;;;;;;;;
9;34;1250;10;España;;;;;;;;;
9;23;549;9;Estados Unidos;;;;;;;;;
9;51;1539;9;Estados Unidos;;;;;;;;;
9;67;2970;15;Estados Unidos;;;;;;;;;
10;18;1139;17;Estados Unidos;;;;;;;;;
10;37;1620;12;España;;;;;;;;;
10;51;776;4;Estados Unidos;;;;;;;;;
10;27;428;4;Estados Unidos;;;;;;;;;
10;48;2397;17;Francia;;;;;;;;;
10;42;438;3;Estados Unidos;;;;;;;;;
10;72;2112;11;Estados Unidos;;;;;;;;;
10;39;618;6;Estados Unidos;;;;;;;;;
10;22;1183;13;España;;;;;;;;;
10;35;888;6;España;;;;;;;;;
10;18;357;7;Estados Unidos;;;;;;;;;
10;37;1133;11;España;;;;;;;;;
10;16;201;3;Estados Unidos;;;;;;;;;
10;69;784;4;Estados Unidos;;;;;;;;;
10;68;2123;11;Estados Unidos;;;;;;;;;
10;21;880;11;España;;;;;;;;;
10;27;525;7;Estados Unidos;;;;;;;;;
10;24;940;10;España;;;;;;;;;
10;39;1200;10;España;;;;;;;;;
10;24;516;6;Estados Unidos;;;;;;;;;
11;46;880;5;Estados Unidos;;;;;;;;;
11;46;715;5;Estados Unidos;;;;;;;;;
11;48;715;5;Estados Unidos;;;;;;;;;
11;20;370;5;Estados Unidos;;;;;;;;;
11;54;1694;11;Estados Unidos;;;;;;;;;
11;30;973;7;Estados Unidos;;;;;;;;;
11;40;1113;7;Estados Unidos;;;;;;;;;
11;65;192;1;Estados Unidos;;;;;;;;;
11;59;1440;8;Estados Unidos;;;;;;;;;
11;48;798;6;Estados Unidos;;;;;;;;;
11;14;576;9;Estados Unidos;;;;;;;;;
11;14;284;4;Estados Unidos;;;;;;;;;
11;34;1288;8;Estados Unidos;;;;;;;;;
11;33;1716;11;Estados Unidos;;;;;;;;;
11;16;400;8;Estados Unidos;;;;;;;;;
11;74;588;3;Estados Unidos;;;;;;;;;
11;32;2240;14;Estados Unidos;;;;;;;;;
11;18;588;7;Estados Unidos;;;;;;;;;
11;30;324;3;Estados Unidos;;;;;;;;;
11;29;992;8;Estados Unidos;;;;;;;;;
